stage,detuning_hz,intensity_prefactor,singlet,triplet_m,triplet_0,triplet_p
AP1,-6000000.0,0.01,1.5958242312472854e-7,7.354065135325157e-8,7.747788446653932e-8,7.353861980713091e-8
AP1,-6000000.0,0.019573417814876606,1.5016519796498244e-7,6.33882666783914e-8,8.496588662908241e-8,6.338673604908778e-8
AP1,-6000000.0,0.03831186849557289,1.3656592936417696e-7,4.990900751610767e-8,9.82900459154145e-8,4.990802506217764e-8
AP1,-6000000.0,0.07498942093324558,1.1711859867230387e-7,3.29515071933022e-8,1.2261060376716907e-7,3.2951011351119504e-8
AP1,-6000000.0,0.14677992676220697,9.023250156226333e-8,1.4190464984892821e-8,1.6782095673430666e-7,1.4190332184880067e-8
AP1,-6000000.0,0.28729848333536656,5.637953688409607e-8,6.670929891635775e-10,2.5235635214008106e-7,6.671567382619807e-10
AP1,-6000000.0,0.5623413251903491,2.4388065362299573e-8,1.2994444649382967e-8,4.079297630986458e-7,1.2993764326866985e-8
AP1,-6000000.0,1.1006941712522103,2.7279173291449596e-8,1.0050120349329337e-7,6.78943044043018e-7,1.0049777048864685e-7
AP1,-6000000.0,2.1544346900318843,1.4997272665232345e-7,3.551307225392745e-7,1.0946776337762963e-6,3.551220661928156e-7
AP1,-6000000.0,4.216965034285822,5.396098360044811e-7,8.779822446475268e-7,1.5804294131751135e-6,8.779678004577647e-7
AP1,-6000000.0,8.25404185268019,1.3023119801522553e-6,1.6316469029670673e-6,1.8756760392180016e-6,1.6316358940313573e-6
AP1,-6000000.0,16.155980984398745,2.319643703282327e-6,2.382559273929349e-6,1.8393156578871114e-6,2.3825694698540963e-6
AP1,-6000000.0,31.622776601683793,3.5753244221605447e-6,3.327170769523224e-6,2.194065548271712e-6,3.327180978322822e-6
AP1,-5650000.0,0.01,9.58747133885356e-8,5.712013658516322e-8,1.8718726511398782e-7,5.7116068599464436e-8
AP1,-5650000.0,0.019573417814876606,8.624156920338983e-8,4.7923601121262204e-8,2.0467401933594993e-7,4.791997950166501e-8
AP1,-5650000.0,0.03831186849557289,7.293561331179944e-8,3.615019730711114e-8,2.314911401135657e-7,3.614729426614211e-8
AP1,-5650000.0,0.07498942093324558,5.5110065694283253e-8,2.2300417899443536e-8,2.7340897734488244e-7,2.229832476949345e-8
AP1,-5650000.0,0.14677992676220697,3.2950977180648183e-8,9.293540103002705e-9,3.3996850333167927e-7,9.292495905971353e-9
AP1,-5650000.0,0.28729848333536656,1.0622886405462266e-8,6.567847238125744e-9,4.4625030253488505e-7,6.567596718875204e-9
AP1,-5650000.0,0.5623413251903491,4.2290853553329534e-9,3.9464022066630016e-8,6.131712535029267e-7,3.9463350371727284e-8
AP1,-5650000.0,1.1006941712522103,6.004074736225745e-8,1.6715753206666638e-7,8.599288062206124e-7,1.671534746061568e-7
AP1,-5650000.0,2.1544346900318843,2.845982540797066e-7,5.032799416143178e-7,1.1745164374689074e-6,5.032670831052114e-7
AP1,-5650000.0,4.216965034285822,8.552024111131592e-7,1.1929983663084844e-6,1.4584110045299392e-6,1.192970583113857e-6
AP1,-5650000.0,8.25404185268019,1.9043981649103648e-6,2.2503189566782028e-6,1.5446705220921676e-6,2.250281090292886e-6
AP1,-5650000.0,16.155980984398745,3.2837006900168527e-6,3.3940981890993755e-6,1.5456847755197602e-6,3.3940808964003548e-6
AP1,-5650000.0,31.622776601683793,4.950963560074585e-6,4.695178273804935e-6,2.2654933621390057e-6,4.695160954655828e-6
AP1,-5300000.0,0.01,0.000011925429672859773,8.916446684367394e-6,4.678061511869228e-6,8.91962082624775e-6
AP1,-5300000.0,0.019573417814876606,0.00001189192254728534,8.410882596632305e-6,4.492644029749774e-6,8.41418107694643e-6
AP1,-5300000.0,0.03831186849557289,0.000012001728880591602,7.748834696500624e-6,4.337719142921636e-6,7.752189186466399e-6
AP1,-5300000.0,0.07498942093324558,0.000012446881018520967,6.94040633124486e-6,4.318802252733096e-6,6.943635834133931e-6
AP1,-5300000.0,0.14677992676220697,0.000013572008303548177,6.099006917236327e-6,4.6432359822595344e-6,6.101730931474149e-6
AP1,-5300000.0,0.28729848333536656,0.000015875864512892995,5.57184524239932e-6,5.639367635845914e-6,5.5734434086708744e-6
AP1,-5300000.0,0.5623413251903491,0.00001975156656421491,6.082251154365047e-6,7.640168075322467e-6,6.082044820471121e-6
AP1,-5300000.0,1.1006941712522103,0.00002465932417476435,8.591514981928879e-6,0.000010582393461482713,8.589403519578158e-6
AP1,-5300000.0,2.1544346900318843,0.00002814523379270207,0.000013423514840867714,0.00001365496374627539,0.00001342080230341556
AP1,-5300000.0,4.216965034285822,0.00002705353590089808,0.000019366724026817813,0.000016338053112216992,0.00001936540423770656
AP1,-5300000.0,8.25404185268019,0.000021422754230407255,0.000024674484043144553,0.000020214612683833657,0.00002467470862928292
AP1,-5300000.0,16.155980984398745,0.000013384014628665212,0.000023624361769289055,0.000025312403954894102,0.000023622914973247184
AP1,-5300000.0,31.622776601683793,1.9712326744217424e-6,0.000021686135862553242,0.00001513700582382549,0.000021689877246469868
AP1,-4950000.0,0.01,5.683214620725388e-6,8.087864712106827e-7,2.805048976736274e-6,8.088423796913207e-7
AP1,-4950000.0,0.019573417814876606,5.93992877939492e-6,7.508192786523376e-7,2.8187107278492266e-6,7.508539899406006e-7
AP1,-4950000.0,0.03831186849557289,6.2757498331001995e-6,6.668328363541156e-7,2.808910402265211e-6,6.668418372959023e-7
AP1,-4950000.0,0.07498942093324558,6.6829340641963786e-6,5.492467675696183e-7,2.745258288119986e-6,5.492271325992056e-7
AP1,-4950000.0,0.14677992676220697,7.0989201860902625e-6,3.981107218371297e-7,2.5804330713691383e-6,3.980667007145373e-7
AP1,-4950000.0,0.28729848333536656,7.350232874724439e-6,2.4141039997444037e-7,2.2672060617325255e-6,2.4135832163064333e-7
AP1,-4950000.0,0.5623413251903491,7.137529692145347e-6,1.7224667165477705e-7,1.8310122352437724e-6,1.7222007490903938e-7
AP1,-4950000.0,1.1006941712522103,6.28382411539909e-6,3.761049953629806e-7,1.506686938059038e-6,3.761480791501101e-7
AP1,-4950000.0,2.1544346900318843,5.445964584605736e-6,1.068766188844976e-6,1.7177763907941635e-6,1.0688922999356976e-6
AP1,-4950000.0,4.216965034285822,6.342539207133681e-6,2.3750077060629163e-6,2.3976932781082173e-6,2.3751141303273873e-6
AP1,-4950000.0,8.25404185268019,9.823849539553245e-6,4.196599329385666e-6,2.3018055523308663e-6,4.196290783747282e-6
AP1,-4950000.0,16.155980984398745,0.000018771338077646838,3.3733369178321683e-6,3.3231567466947273e-6,3.372671959898759e-6
AP1,-4950000.0,31.622776601683793,0.000013953453207868864,8.895646584184579e-6,9.83932589965726e-7,8.895711093206987e-6
AP1,-4600000.0,0.01,2.381012362720468e-6,8.804851449918763e-7,4.4305513490335474e-7,8.801519524019078e-7
AP1,-4600000.0,0.019573417814876606,2.2462252941776146e-6,8.03780912405724e-7,4.613628034272657e-7,8.034507843225176e-7
AP1,-4600000.0,0.03831186849557289,2.0465206274010402e-6,7.191849930387666e-7,4.828262283483331e-7,7.188406691537441e-7
AP1,-4600000.0,0.07498942093324558,1.7558569779344384e-6,6.491484845202374e-7,5.042464779774622e-7,6.487618832137168e-7
AP1,-4600000.0,0.14677992676220697,1.352584720424329e-6,6.497320498949999e-7,5.17318193227238e-7,6.492670454476196e-7
AP1,-4600000.0,0.28729848333536656,8.485134840266812e-7,8.336166510563329e-7,5.063982710162075e-7,8.330740284007409e-7
AP1,-4600000.0,0.5623413251903491,3.4284066444370274e-7,1.3696758345804816e-6,4.5389562359664605e-7,1.3692070815395815e-6
AP1,-4600000.0,1.1006941712522103,5.657836289605716e-8,2.3789780005941888e-6,3.7012713866509116e-7,2.3790567516980358e-6
AP1,-4600000.0,2.1544346900318843,2.3866080866784653e-7,3.6728265669488347e-6,3.510172780431058e-7,3.6741955768796623e-6
AP1,-4600000.0,4.216965034285822,1.0806265663573589e-6,4.549939610095016e-6,6.087774466431682e-7,4.553009742291307e-6
AP1,-4600000.0,8.25404185268019,2.964789906479228e-6,3.643663018792984e-6,1.8249160970942696e-6,3.646529722152776e-6
AP1,-4600000.0,16.155980984398745,3.7224242845466472e-6,1.8083234658088976e-6,5.158688214997706e-6,1.8052275511772636e-6
AP1,-4600000.0,31.622776601683793,9.631882238961514e-6,1.6098107820480322e-6,7.465223988706779e-6,1.607603950396883e-6
AP1,-4250000.0,0.01,6.468847069493794e-7,1.7570614204527305e-6,8.092892108892777e-8,1.757056099850539e-6
AP1,-4250000.0,0.019573417814876606,1.6506033647665056e-6,1.727576033529019e-6,2.1910627314362536e-7,1.7275541057509788e-6
AP1,-4250000.0,0.03831186849557289,4.033164650031316e-6,2.2623687615369666e-6,1.0894844994462016e-6,2.262370773381592e-6
AP1,-4250000.0,0.07498942093324558,9.194276571601584e-6,4.3797006808153e-6,3.778798620679537e-6,4.379838762009368e-6
AP1,-4250000.0,0.14677992676220697,0.000019656505047520043,0.000010566004054865332,0.000010705380921307897,0.000010566560619403233
AP1,-4250000.0,0.28729848333536656,0.00003956000539177362,0.000026468695696406893,0.000026911247967822996,0.000026470322919558463
AP1,-4250000.0,0.5623413251903491,0.00007503758530711628,0.0000634096520316849,0.0000618037601171595,0.00006341378133877758
AP1,-4250000.0,1.1006941712522103,0.0001355973960488448,0.00014011867622483904,0.00013042790949724866,0.0001401281926741516
AP1,-4250000.0,2.1544346900318843,0.00024225278291459222,0.00028311320998137044,0.0002555722462409578,0.0002831334479785265
AP1,-4250000.0,4.216965034285822,0.00044895644816769466,0.0005427638310391596,0.00048393177089701316,0.0005428043513324673
AP1,-4250000.0,8.25404185268019,0.0009090863089639575,0.0010221500086639815,0.000886207262880703,0.001022228573341698
AP1,-4250000.0,16.155980984398745,0.00195105841974261,0.001438679308813332,0.0013074334725593569,0.0014387875542479654
AP1,-4250000.0,31.622776601683793,0.003369276955827435,0.0027866314465394373,0.0026114202074139182,0.002786698373007442
AP1,-3900000.0,0.01,0.00008562305245700059,0.0000648776534208414,0.00007307320218974792,0.00006487460043677524
AP1,-3900000.0,0.019573417814876606,0.00015369868442358515,0.00012669006158756038,0.00013098368322530285,0.00012668399210534996
AP1,-3900000.0,0.03831186849557289,0.00028113657466575045,0.0002477908408799914,0.00024025522635575777,0.00024777884827487887
AP1,-3900000.0,0.07498942093324558,0.0005207645853641616,0.00048393826530942417,0.00044856510338979754,0.00048391474421839443
AP1,-3900000.0,0.14677992676220697,0.000972310028117815,0.0009415225596374501,0.0008496066251305388,0.0009414766760627302
AP1,-3900000.0,0.28729848333536656,0.0018251083449208883,0.0018210265694466022,0.0016296813633139187,0.0018209373518046237
AP1,-3900000.0,0.5623413251903491,0.003445848598088734,0.0034979459951775733,0.0031614123812787947,0.003497773169098703
AP1,-3900000.0,1.1006941712522103,0.006565045986299355,0.006685009385573887,0.006178952883796089,0.0066846746874371634
AP1,-3900000.0,2.1544346900318843,0.012645438939491369,0.012772216781256432,0.012064992041337569,0.01277156701688699
AP1,-3900000.0,4.216965034285822,0.024528915037801656,0.02444064134852866,0.023273053131004015,0.02443937709326267
AP1,-3900000.0,8.25404185268019,0.0475597862024029,0.045934967904525295,0.043623235021954365,0.04593258928927946
AP1,-3900000.0,16.155980984398745,0.08614221767734322,0.08243591475821323,0.07931976669930553,0.08243250628617554
AP1,-3900000.0,31.622776601683793,0.15276977714678078,0.14036435295748403,0.1319464359154303,0.1403656242806709
AP1,-3550000.0,0.01,0.000461563043758827,0.0004454875194322893,0.0003644155248769413,0.0004454937873246444
AP1,-3550000.0,0.019573417814876606,0.0008761114297910234,0.0008555234312651976,0.0007286496681351227,0.0008555360313344545
AP1,-3550000.0,0.03831186849557289,0.0016743049097406443,0.0016494603835747763,0.0014499902986986183,0.0016494856209156924
AP1,-3550000.0,0.07498942093324558,0.003213476649740958,0.00318663023353514,0.0028753703479537968,0.003186680561212552
AP1,-3550000.0,0.14677992676220697,0.006181953206320035,0.006158403098507481,0.005685508615746004,0.006158503026607022
AP1,-3550000.0,0.28729848333536656,0.011902246850245924,0.01188727514824766,0.011204337076720996,0.011887472052712884
AP1,-3550000.0,0.5623413251903491,0.022905068867076446,0.0228841724581199,0.021958294171229124,0.022884553773344963
AP1,-3550000.0,1.1006941712522103,0.043968807256574906,0.043848174625612205,0.04260394817671761,0.043848885089165374
AP1,-3550000.0,2.1544346900318843,0.08375027962418609,0.08322543268291208,0.08123866255912923,0.08322662208314782
AP1,-3550000.0,4.216965034285822,0.15652053079141345,0.15457646474376222,0.15046713927420063,0.1545777447410068
AP1,-3550000.0,8.25404185268019,0.2788673149926114,0.27144167467723096,0.26422892120773983,0.27143935955674947
AP1,-3550000.0,16.155980984398745,0.4531822681581152,0.4357936334382483,0.4229600622847891,0.4357821660604127
AP1,-3550000.0,31.622776601683793,0.6343716600177536,0.5937098503312654,0.5682481994936158,0.5937257881793163
AP1,-3200000.0,0.01,0.0015409113776248475,0.0015289590328122114,0.0014037108934152856,0.0015289661307447164
AP1,-3200000.0,0.019573417814876606,0.0030100063421800325,0.002989600717027443,0.0027904887016150714,0.0029896146155485174
AP1,-3200000.0,0.03831186849557289,0.005875727121152407,0.0058401730901442295,0.005522025137111247,0.005840199833471648
AP1,-3200000.0,0.07498942093324558,0.011452380463216384,0.011389109667536769,0.010883934727224053,0.011389160522874343
AP1,-3200000.0,0.14677992676220697,0.022255434599507608,0.02213973911344301,0.021355603977685572,0.022139835432791608
AP1,-3200000.0,0.28729848333536656,0.04300702524272746,0.04278696493593845,0.041616666222418615,0.042787149959784464
AP1,-3200000.0,0.5623413251903491,0.08224002005851391,0.08179978337572746,0.08011553891623507,0.08180016275742678
AP1,-3200000.0,1.1006941712522103,0.1541784510861108,0.15325806715918874,0.15076116309084867,0.15325895487137095
AP1,-3200000.0,2.1544346900318843,0.2784159235157021,0.2764501551788849,0.2720835153188016,0.276452524272708
AP1,-3200000.0,4.216965034285822,0.46918203829624244,0.4647067545439046,0.4562696335438347,0.46471234064702716
AP1,-3200000.0,8.25404185268019,0.6973636293760501,0.686600805633818,0.6802582859209612,0.6866008869282868
AP1,-3200000.0,16.155980984398745,0.869509707737678,0.8467037446848057,0.8358871126623382,0.8467027285674872
AP1,-3200000.0,31.622776601683793,0.9003072720044418,0.8567486274361303,0.8351754092528911,0.8567480711602125
AP1,-2850000.0,0.01,0.003501461076431526,0.003483606856882858,0.003360697460316901,0.0034836242786451827
AP1,-2850000.0,0.019573417814876606,0.006856794697055345,0.006828054374108992,0.006618337862637708,0.006828089175654823
AP1,-2850000.0,0.03831186849557289,0.013396119758716159,0.0133486800735374,0.012988217712094548,0.013348749471130707
AP1,-2850000.0,0.07498942093324558,0.0260730621626,0.025992448784240934,0.02537537108316856,0.02599258643284137
AP1,-2850000.0,0.14677992676220697,0.050403812999953446,0.05026176871797626,0.04922497870289131,0.05026203964606813
AP1,-2850000.0,0.28729848333536656,0.09622204096888586,0.09595966837974997,0.09427588499934315,0.09596019263468736
AP1,-2850000.0,0.5623413251903491,0.17941914133514805,0.1789064093690045,0.17628691853270737,0.17890738162725756
AP1,-2850000.0,1.1006941712522103,0.3202436539657282,0.3191844808323417,0.31529862075504395,0.31918605401037936
AP1,-2850000.0,2.1544346900318843,0.5281243111116662,0.5258399080708167,0.520844323245619,0.5258410852806937
AP1,-2850000.0,4.216965034285822,0.7630820886953406,0.7583720228225551,0.7551036606803645,0.7583669789833265
AP1,-2850000.0,8.25404185268019,0.9281506238913398,0.9189678697179119,0.9132712553128902,0.9189702011888957
AP1,-2850000.0,16.155980984398745,0.964160011229926,0.9469385307214153,0.9400076725113997,0.9469279040557059
AP1,-2850000.0,31.622776601683793,0.9384395009258887,0.9068832263710953,0.8926540253088694,0.9068870883625021
AP1,-2500000.0,0.01,0.006841705159731302,0.006832233984205322,0.0069822728416118595,0.006832209107472176
AP1,-2500000.0,0.019573417814876606,0.013336249555031562,0.013316572072807648,0.013531608869845802,0.013316524097183723
AP1,-2500000.0,0.03831186849557289,0.02592289266902894,0.02588321982784303,0.026187029878560177,0.02588312693978248
AP1,-2500000.0,0.07498942093324558,0.05009517346196802,0.05001723420672526,0.05043164651103426,0.05001705463748734
AP1,-2500000.0,0.14677992676220697,0.09568780345042927,0.09553886215823297,0.09606681375930197,0.09553851587877
AP1,-2500000.0,0.28729848333536656,0.17868397488228568,0.17840854605411197,0.17901344940547878,0.17840787495965252
AP1,-2500000.0,0.5623413251903491,0.3196317192808046,0.31914136095306145,0.3197756151352891,0.3191400657871104
AP1,-2500000.0,1.1006941712522103,0.5288388780527264,0.5279979721242675,0.528696906935021,0.5279956872395142
AP1,-2500000.0,2.1544346900318843,0.7690360525394196,0.7676097935005629,0.7677832686665533,0.7676079548684295
AP1,-2500000.0,4.216965034285822,0.9390833808588145,0.9364629485318646,0.9344964599840809,0.9364684422834578
AP1,-2500000.0,8.25404185268019,0.9865474972098119,0.9814000680040071,0.9792722266066127,0.9813921427687942
AP1,-2500000.0,16.155980984398745,0.9816714942747572,0.971525473808039,0.9677532863046313,0.9715227751379795
AP1,-2500000.0,31.622776601683793,0.9643039188324837,0.9449917881968963,0.9373852818714022,0.9450010706149713
AP1,-2150000.0,0.01,0.010082916038438736,0.010065666425953806,0.010039361835422653,0.010065680927816102
AP1,-2150000.0,0.019573417814876606,0.01964454454166138,0.0196155352535049,0.019544167914756605,0.019615563491664267
AP1,-2150000.0,0.03831186849557289,0.03809766736610775,0.03804763624660204,0.03788258281512346,0.03804769090579986
AP1,-2150000.0,0.07498942093324558,0.07322529387026322,0.07313714682159173,0.07278924485925437,0.0731372532973661
AP1,-2150000.0,0.14677992676220697,0.13832248868266894,0.13816509153908074,0.13748905481425672,0.13816530135539365
AP1,-2150000.0,0.28729848333536656,0.25279650355954764,0.25251648257737735,0.25132693161430325,0.25251691175711083
AP1,-2150000.0,0.5623413251903491,0.43461553947826737,0.4341351552038735,0.4323362874084772,0.43413606429633256
AP1,-2150000.0,1.1006941712522103,0.6720156428666862,0.6712564919437413,0.6692375712036297,0.6712581787439632
AP1,-2150000.0,2.1544346900318843,0.8858552067226555,0.8847912058463177,0.8838032562408508,0.8847915499234864
AP1,-2150000.0,4.216965034285822,0.9832810973384979,0.9816368662331102,0.9807068017851963,0.981633329248192
AP1,-2150000.0,8.25404185268019,0.9947353289623998,0.9919716528646406,0.9907053494078293,0.9919667104630924
AP1,-2150000.0,16.155980984398745,0.9901449796716489,0.9844472454802062,0.9824717343695873,0.9844504848628461
AP1,-2150000.0,31.622776601683793,0.9807003128973091,0.9702144338258293,0.9657068509759759,0.9702027789004083
AP1,-1800000.0,0.01,0.014397332775584904,0.014429632735396918,0.014308491635198964,0.014429641615697084
AP1,-1800000.0,0.019573417814876606,0.02797241754935604,0.0280114876167771,0.027845085721092434,0.028011506065682805
AP1,-1800000.0,0.03831186849557289,0.054000648011208,0.05404264519597155,0.05381673720051554,0.05404268283655124
AP1,-1800000.0,0.07498942093324558,0.10294756014065655,0.10298133322066291,0.10267791571620648,0.10298140772294145
AP1,-1800000.0,0.14677992676220697,0.19157192539888662,0.19157484325593768,0.1911652781340053,0.19157497964865083
AP1,-1800000.0,0.28729848333536656,0.34062456167128524,0.3405651476806528,0.33998593244564884,0.3405653539565672
AP1,-1800000.0,0.5623413251903491,0.5578999219248055,0.5577572587040719,0.5568717122789363,0.5577573694923684
AP1,-1800000.0,1.1006941712522103,0.7984890479826855,0.7982432201492897,0.7969897154900792,0.7982423539274746
AP1,-1800000.0,2.1544346900318843,0.9568222288889178,0.9562751972359632,0.955703111403349,0.9562729175000425
AP1,-1800000.0,4.216965034285822,0.996935051979424,0.9961358808574575,0.9959132544783009,0.9961387586548099
AP1,-1800000.0,8.25404185268019,0.9974541278066416,0.9959353280384216,0.9954596172497129,0.9959396771516041
AP1,-1800000.0,16.155980984398745,0.9950178347569958,0.9920366212382437,0.9911375785339126,0.9920327890122153
AP1,-1800000.0,31.622776601683793,0.9902448910174051,0.9846158986301039,0.9826728381834585,0.9846105888103549
AP1,-1450000.0,0.01,0.017383315791218813,0.01737219083524593,0.017402515280317995,0.017372202710837656
AP1,-1450000.0,0.019573417814876606,0.033814495514837395,0.03379907386694951,0.033811895215523344,0.03379909727789393
AP1,-1450000.0,0.03831186849557289,0.06522272293300431,0.0652003800373751,0.06516560143504657,0.06520042595233212
AP1,-1450000.0,0.07498942093324558,0.12384184140288658,0.12380648054085867,0.12367314608458828,0.12380657003647896
AP1,-1450000.0,0.14677992676220697,0.22828350238400308,0.2282209955501672,0.22792868446902018,0.22822116777227833
AP1,-1450000.0,0.28729848333536656,0.3983196682558892,0.3982026152654259,0.3977523482530781,0.3982029290080348
AP1,-1450000.0,0.5623413251903491,0.6308775207085913,0.6306700028010513,0.6302835604104569,0.6306704442502791
AP1,-1450000.0,1.1006941712522103,0.8589739751773302,0.8586580305729218,0.8586867645266526,0.8586579039681228
AP1,-1450000.0,2.1544346900318843,0.9792398462885104,0.9788436647226801,0.9787591921357579,0.9788417939450829
AP1,-1450000.0,4.216965034285822,0.9989791341163261,0.9985480094584106,0.9985026767822103,0.9985498349725165
AP1,-1450000.0,8.25404185268019,0.9988169964922897,0.9980755863474569,0.9978712870811197,0.9980776499308844
AP1,-1450000.0,16.155980984398745,0.9976787625309778,0.996216729363221,0.9958405121974189,0.9962212164344159
AP1,-1450000.0,31.622776601683793,0.9954662955284492,0.9928821046851474,0.9918887759032733,0.992879892476558
AP1,-1100000.0,0.01,0.019369647049785065,0.01939038016735663,0.01922158649698023,0.019390381446889753
AP1,-1100000.0,0.019573417814876606,0.037558322149879635,0.037584142448092515,0.03735054677871884,0.037584144636551575
AP1,-1100000.0,0.03831186849557289,0.07218787681649055,0.07221718029488779,0.07189923877467243,0.0722171835080978
AP1,-1100000.0,0.07498942093324558,0.13640338090900542,0.13643066669003578,0.1360098788891645,0.13643066952375715
AP1,-1100000.0,0.14677992676220697,0.24951556363275895,0.2495296647513887,0.24899492542222365,0.24952965709303965
AP1,-1100000.0,0.28729848333536656,0.42983580908067776,0.4298234344575122,0.4291779926717832,0.42982336268842686
AP1,-1100000.0,0.5623413251903491,0.6670339048965529,0.6669907795078029,0.6662881189806809,0.6669904373892938
AP1,-1100000.0,1.1006941712522103,0.88372985910347,0.8836342584226028,0.8832057666971737,0.8836333017411577
AP1,-1100000.0,2.1544346900318843,0.9849747571904249,0.9847429445536005,0.9850431447373262,0.9847431852788614
AP1,-1100000.0,4.216965034285822,0.9995032432131077,0.9992575049349807,0.9992617254092531,0.999255866974701
AP1,-1100000.0,8.25404185268019,0.9994700482851836,0.9990363387460712,0.9990502340877283,0.9990339319502358
AP1,-1100000.0,16.155980984398745,0.9989635118955785,0.9982300165284368,0.9981453501065402,0.998226736552424
AP1,-1100000.0,31.622776601683793,0.997977246209841,0.9967202293839094,0.9963865193409802,0.9967244498968094
AP1,-750000.0,0.01,0.020479334821291648,0.0205335326578822,0.020539438823205417,0.020533523604037405
AP1,-750000.0,0.019573417814876606,0.03970562146218684,0.03977418906806706,0.0397645980928458,0.03977417231097324
AP1,-750000.0,0.03831186849557289,0.07625830224258864,0.0763396185094188,0.07629331459198442,0.07633958723918402
AP1,-750000.0,0.07498942093324558,0.14383614709374828,0.1439223799487764,0.1438025478451662,0.1439223199832473
AP1,-750000.0,0.14677992676220697,0.2621575132323203,0.2622328312116326,0.2619919171131212,0.2622327130224289
AP1,-750000.0,0.28729848333536656,0.44857665753742265,0.44862434571486504,0.44824809278710087,0.4486241067858297
AP1,-750000.0,0.5623413251903491,0.6882862331903106,0.6883029745314291,0.6879288752151665,0.6883025216951361
AP1,-750000.0,1.1006941712522103,0.8980378329725739,0.8979908555861909,0.8979471315928341,0.8979904218114348
AP1,-750000.0,2.1544346900318843,0.9886497651570841,0.9884716316068223,0.9885850382122197,0.9884722351810676
AP1,-750000.0,4.216965034285822,0.9997699911421696,0.9995635466805233,0.999673151134959,0.9995627745081285
AP1,-750000.0,8.25404185268019,0.999791674447428,0.9994993272847253,0.999615539204164,0.9994999370189181
AP1,-750000.0,16.155980984398745,0.9995966608487286,0.9991679435109982,0.9992466903659694,0.9991696470916465
AP1,-750000.0,31.622776601683793,0.9992190135611323,0.9985152926069267,0.9985188137888231,0.9985122326555325
AP1,-400000.0,0.01,0.020660359564192144,0.020604756368640693,0.02072109661443057,0.02060475294515465
AP1,-400000.0,0.019573417814876606,0.04011355429587621,0.04004111367836681,0.04023528199666137,0.040041107028134265
AP1,-400000.0,0.03831186849557289,0.0771108374252807,0.07701922242313333,0.0773406110478258,0.07701920928430334
AP1,-400000.0,0.07498942093324558,0.14549400271849935,0.14538166859976429,0.145896783591912,0.1453816450174338
AP1,-400000.0,0.14677992676220697,0.2650743346087577,0.2649375664102257,0.26570575491495135,0.264937531090923
AP1,-400000.0,0.28729848333536656,0.4528976126051659,0.4527210188482462,0.45371249749144815,0.452720988602138
AP1,-400000.0,0.5623413251903491,0.6929514691420872,0.6927054107831369,0.6936445174917469,0.6927054603598117
AP1,-400000.0,1.1006941712522103,0.9009089709486214,0.900624708382503,0.9009721916292887,0.9006248282476859
AP1,-400000.0,2.1544346900318843,0.9892482240972648,0.9890919425109204,0.9890053914711565,0.9890913132297043
AP1,-400000.0,4.216965034285822,0.9997635260351558,0.9996404741678853,0.9997727583941434,0.999640795867543
AP1,-400000.0,8.25404185268019,0.9999025830210457,0.9997615757154736,0.9998430851135671,0.9997609865729209
AP1,-400000.0,16.155980984398745,0.999813560260897,0.9996156277929578,0.9996953600606556,0.9996141808684874
AP1,-400000.0,31.622776601683793,0.9996350374521912,0.9993676456894779,0.9994081376566063,0.9993687686540498
AP1,-50000.0,0.01,0.02044426685959036,0.02052000729727547,0.02043744006669228,0.02052000237972257
AP1,-50000.0,0.019573417814876606,0.039590104142974626,0.03968649311357528,0.03955062768307433,0.0396864848926968
AP1,-50000.0,0.03831186849557289,0.07597207166438337,0.07608861055811178,0.075869049219314,0.0760885962557171
AP1,-50000.0,0.07498942093324558,0.1432185525902893,0.1433489348963996,0.14301163972889844,0.14334890877834078
AP1,-50000.0,0.14677992676220697,0.26097564102307486,0.2611074157298778,0.2606433347042327,0.26110736615489066
AP1,-50000.0,0.28729848333536656,0.4466516119083297,0.44677588011587493,0.4462748904849102,0.4467757792836152
AP1,-50000.0,0.5623413251903491,0.6858933070283847,0.6860183776292704,0.6857702137934635,0.6860181668021185
AP1,-50000.0,1.1006941712522103,0.8962014252594223,0.8962919441627164,0.8966493641297643,0.8962916214526185
AP1,-50000.0,2.1544346900318843,0.9880109422951503,0.9879174124648002,0.9883502248330944,0.987917476485219
AP1,-50000.0,4.216965034285822,0.9998434490330859,0.9997168339843301,0.9997965230436859,0.9997163536691619
AP1,-50000.0,8.25404185268019,0.9999714816290496,0.9998398431627967,0.999966604388985,0.9998398493647025
AP1,-50000.0,16.155980984398745,0.9999453010589524,0.9998115463940429,0.9999361089805711,0.9998120102539443
AP1,-50000.0,31.622776601683793,0.9998922205969709,0.9997428279300931,0.9998774051785437,0.9997417239280723
AP1,300000.0,0.01,0.018914815922903637,0.018917395082349565,0.01889339553603726,0.01891739167760031
AP1,300000.0,0.019573417814876606,0.03664204641214633,0.03663961734328392,0.03661349275528312,0.036639610722104504
AP1,300000.0,0.03831186849557289,0.07039503518741416,0.07038106689942103,0.07036105317012636,0.07038105434479741
AP1,300000.0,0.07498942093324558,0.13303417721914862,0.1329978223017387,0.13300505093422055,0.13299779862991506
AP1,300000.0,0.14677992676220697,0.24360102056643013,0.2435284316506916,0.24360666514341076,0.24352838922372083
AP1,300000.0,0.28729848333536656,0.4206834283113211,0.42056712564512594,0.42078259736015644,0.42056705315707604
AP1,300000.0,0.5623413251903491,0.65592105783229,0.6557812320842975,0.6561756817937053,0.65578111782528
AP1,300000.0,1.1006941712522103,0.8753518484066125,0.8752441685847452,0.8757258714904051,0.8752440078770334
AP1,300000.0,2.1544346900318843,0.9825190332699822,0.9824461296063558,0.9827693925063533,0.9824459509337299
AP1,300000.0,4.216965034285822,0.9995580369104359,0.9994415884531769,0.9995624069492012,0.9994414063072158
AP1,300000.0,8.25404185268019,0.9999986254623447,0.9998856956920487,0.9999993926902583,0.9998855030358454
AP1,300000.0,16.155980984398745,0.9999994647809965,0.9998858375408745,0.9999993788925209,0.9998856438459486
AP1,300000.0,31.622776601683793,0.9999986646624593,0.9998853811729873,0.9999989722719529,0.9998852174047076
AP1,650000.0,0.01,0.016968549578236333,0.016995853677152756,0.01713194332114233,0.016995852206664518
AP1,650000.0,0.019573417814876606,0.0329698447077331,0.03300714044715339,0.03319943531835461,0.033007136574982075
AP1,650000.0,0.03831186849557289,0.06354502177570566,0.0635943979284652,0.06386419183084212,0.06359438895236227
AP1,650000.0,0.07498942093324558,0.12061639117671166,0.12067790411480757,0.12104999591876177,0.12067788528771882
AP1,650000.0,0.14677992676220697,0.22241119216163838,0.22247943029572384,0.2229749276279223,0.22247939306658165
AP1,650000.0,0.28729848333536656,0.388666244870994,0.38872666044751564,0.38934341460688443,0.38872659202608195
AP1,650000.0,0.5623413251903491,0.6178717348904658,0.6179026721022808,0.6185762998708594,0.6179025587061182
AP1,650000.0,1.1006941712522103,0.847095656364918,0.8470751000422049,0.8476418329048786,0.8470749434596028
AP1,650000.0,2.1544346900318843,0.9741488174490492,0.9740506124707834,0.9743205287564448,0.9740504535775111
AP1,650000.0,4.216965034285822,0.9991834885447888,0.9990584923955133,0.9991416781615162,0.9990583031176011
AP1,650000.0,8.25404185268019,0.9999970950501362,0.9998836177214593,0.9999977061948426,0.9998834356207595
AP1,650000.0,16.155980984398745,0.9999991321452628,0.9998856224191992,0.999998901100548,0.9998854416489089
AP1,650000.0,31.622776601683793,0.9999986795500362,0.9998857350107474,0.9999986596710758,0.9998855636231488
AP1,1000000.0,0.01,0.015340203851559405,0.015370758993228739,0.015511146099384249,0.015370757474624819
AP1,1000000.0,0.019573417814876606,0.029845990786154835,0.029889069810807346,0.03008080683281283,0.029889065962673832
AP1,1000000.0,0.03831186849557289,0.057636424741775244,0.05769603441440876,0.05795402044619989,0.05769602584340505
AP1,1000000.0,0.07498942093324558,0.10976119316166805,0.10984032698019063,0.11017974668983534,0.10984030892484588
AP1,1000000.0,0.14677992676220697,0.20359053084908676,0.20368720593739026,0.20412062364200678,0.20368717077293666
AP1,1000000.0,0.28729848333536656,0.35954909029891513,0.3596498055483299,0.3601854001476283,0.35964974122884835
AP1,1000000.0,0.5623413251903491,0.5818291713978336,0.5819051183380263,0.5825446301028945,0.5819050096695371
AP1,1000000.0,1.1006941712522103,0.818212486856928,0.818226100999318,0.8189260621046772,0.8182259437487351
AP1,1000000.0,2.1544346900318843,0.9641792329490837,0.9640929769168375,0.9646133782914096,0.9640928146794475
AP1,1000000.0,4.216965034285822,0.9985017093112794,0.998369146673314,0.9984791216735761,0.9983689579299042
AP1,1000000.0,8.25404185268019,0.9999945501411135,0.999882623918513,0.999998229858883,0.9998824318371825
AP1,1000000.0,16.155980984398745,0.9999986866374511,0.9998856849969151,0.999998229222064,0.9998854943132534
AP1,1000000.0,31.622776601683793,0.9999976449836138,0.9998842972224787,0.9999974653191043,0.999884125605848
AP1,1350000.0,0.01,0.013854024890898905,0.013081067780168282,0.013289874552582995,0.013081069924067943
AP1,1350000.0,0.019573417814876606,0.026620128770338366,0.02557104382839166,0.025869241927828388,0.025571032597336778
AP1,1350000.0,0.03831186849557289,0.05101269850430755,0.04961042755462202,0.050029612793757464,0.049610385020901586
AP1,1350000.0,0.07498942093324558,0.09685251095307451,0.09502164013544938,0.09558048529749327,0.09502153413475473
AP1,1350000.0,0.14677992676220697,0.18010255953153975,0.17779731999101134,0.17842395436963232,0.17779710204372468
AP1,1350000.0,0.28729848333536656,0.32134651332719977,0.3186107692239752,0.31893382243163587,0.31861041084925895
AP1,1350000.0,0.5623413251903491,0.5309911771884928,0.5280451437136645,0.5273824304076907,0.5280447259625791
AP1,1350000.0,1.1006941712522103,0.7715679147585819,0.7686323060298172,0.7681322623705795,0.7686317478688895
AP1,1350000.0,2.1544346900318843,0.9440845728399297,0.9420373404465845,0.9424985756521762,0.9420369998917885
AP1,1350000.0,4.216965034285822,0.9959191444958649,0.9959737641834974,0.9963068646839529,0.9959733661368032
AP1,1350000.0,8.25404185268019,0.9999871977625849,0.9998859428286685,0.9999706672784503,0.9998853862969356
AP1,1350000.0,16.155980984398745,0.9999831113183505,0.999894357142922,0.9999966191203663,0.9998944900505261
AP1,1350000.0,31.622776601683793,0.999979422556343,0.999894722597738,0.9999894521140191,0.9998940545247915
AP1,1700000.0,0.01,0.011706395850832768,0.011755116601031358,0.011974001004095547,0.011755132940275534
AP1,1700000.0,0.019573417814876606,0.022684189914740253,0.02270164218383079,0.02302340986020589,0.02270166375717862
AP1,1700000.0,0.03831186849557289,0.043777187131972636,0.043709661782813804,0.04418930534969313,0.04370968717807986
AP1,1700000.0,0.07498942093324558,0.08368899231695512,0.0834439186671819,0.08415700001254317,0.08344393987583885
AP1,1700000.0,0.14677992676220697,0.1569344398552147,0.15641339713830343,0.15741640049564762,0.1564133895804931
AP1,1700000.0,0.28729848333536656,0.28351953724786394,0.28285226155351695,0.28398260770792333,0.2828521845372628
AP1,1700000.0,0.5623413251903491,0.4782793285784948,0.47840650234107196,0.4788955928319023,0.47840640572281334
AP1,1700000.0,1.1006941712522103,0.7189195062400845,0.7204723426542322,0.720357062491815,0.7204726638136435
AP1,1700000.0,2.1544346900318843,0.9163631962055931,0.9167206633594361,0.9182270026065024,0.916720906557673
AP1,1700000.0,4.216965034285822,0.991772464159894,0.991823063978609,0.9924583788253394,0.9918225534849823
AP1,1700000.0,8.25404185268019,0.9999334983137722,0.9997860363468417,0.9998390901007117,0.9997854945970654
AP1,1700000.0,16.155980984398745,0.9999929367653863,0.9998846555564549,0.9999892556452379,0.9998841369274699
AP1,1700000.0,31.622776601683793,0.9999896972031461,0.9998829330125693,0.9999869042848236,0.9998823653602401
AP1,2050000.0,0.01,0.009561065997234178,0.009242444246730968,0.009297817235520962,0.009242457673821664
AP1,2050000.0,0.019573417814876606,0.018647348354573476,0.01821008337705431,0.018275955651024,0.018210095908686715
AP1,2050000.0,0.03831186849557289,0.036198236957633155,0.03560910301933,0.0356725461037601,0.03560910858954518
AP1,2050000.0,0.07498942093324558,0.0696508467996785,0.0688888297221101,0.06890709733337853,0.06888881550062027
AP1,2050000.0,0.14677992676220697,0.1317856736340216,0.1308929424438793,0.13075677194204233,0.13089288579325747
AP1,2050000.0,0.28729848333536656,0.24154424149676493,0.2407430587917017,0.24026775805753636,0.24074293018083504
AP1,2050000.0,0.5623413251903491,0.417567899630127,0.4172344864910724,0.4165057013436569,0.4172342647261527
AP1,2050000.0,1.1006941712522103,0.6527509293719227,0.6520910879643259,0.6522220945061684,0.6520906995343966
AP1,2050000.0,2.1544346900318843,0.8747053502565805,0.8732221586635783,0.8727138933109051,0.873221770441411
AP1,2050000.0,4.216965034285822,0.9831019103031426,0.9824708249157748,0.9824543202513379,0.9824709251886452
AP1,2050000.0,8.25404185268019,0.9995955452388323,0.9995712603397531,0.9997411822791656,0.9995714586276244
AP1,2050000.0,16.155980984398745,0.9999957787360912,0.9998789944244664,0.9999842517912314,0.9998786317219172
AP1,2050000.0,31.622776601683793,0.999994798718533,0.9998830422567279,0.9999874372347661,0.9998824507009886
AP1,2400000.0,0.01,0.007672104425051922,0.007773627368054353,0.008076391049731672,0.0077736253376956355
AP1,2400000.0,0.019573417814876606,0.015071677385231552,0.015215186592436338,0.01563100870581802,0.015215182360129807
AP1,2400000.0,0.03831186849557289,0.02943974052737812,0.029641506237880023,0.030202741594486816,0.02964149713313065
AP1,2400000.0,0.07498942093324558,0.057019442069543756,0.057298788316855184,0.058028042759103296,0.05729876908250919
AP1,2400000.0,0.14677992676220697,0.1088370157806041,0.10920986537705228,0.11007549521148532,0.10920982514889567
AP1,2400000.0,0.28729848333536656,0.20226897178954145,0.20272751374340822,0.20353411865277463,0.20272743483249892
AP1,2400000.0,0.5623413251903491,0.35778125555306456,0.35825541489353074,0.3585931356426931,0.3582552905436575
AP1,2400000.0,1.1006941712522103,0.579411562247631,0.5797965329500856,0.5800306818252027,0.5797964000299338
AP1,2400000.0,2.1544346900318843,0.8157772724579951,0.8161046581539543,0.8171290642436083,0.8161043973456802
AP1,2400000.0,4.216965034285822,0.9630632816975901,0.9630543312208097,0.9637857982272517,0.9630542348266837
AP1,2400000.0,8.25404185268019,0.9983702014028273,0.9982253670875386,0.9985028861053109,0.9982251928312936
AP1,2400000.0,16.155980984398745,0.9999989504701066,0.9998880532620423,0.9999909133145047,0.9998878821332494
AP1,2400000.0,31.622776601683793,0.9999937295010334,0.9998792933097742,0.9999979448793767,0.999879170405159
AP1,2750000.0,0.01,0.006517843081514242,0.0064465226944283235,0.006212983099497414,0.00644651869394449
AP1,2750000.0,0.019573417814876606,0.012623601150910763,0.01252117070630564,0.012210421326097985,0.012521164729199492
AP1,2750000.0,0.03831186849557289,0.024427714700628992,0.024282656631387723,0.023878675385715434,0.02428264754420446
AP1,2750000.0,0.07498942093324558,0.04706785948922933,0.04687124619065597,0.04636314355789175,0.046871232708594696
AP1,2750000.0,0.14677992676220697,0.08977865247677677,0.08954163053740188,0.08892810774006003,0.08954161059491716
AP1,2750000.0,0.28729848333536656,0.167740474278215,0.16753132402644924,0.16681620909360928,0.1675312972132579
AP1,2750000.0,0.5623413251903491,0.3012149285104537,0.30112043675508054,0.30032823458315766,0.30112040517900945
AP1,2750000.0,1.1006941712522103,0.503554874833671,0.5031467977328378,0.5025962311694213,0.5031467481719953
AP1,2750000.0,2.1544346900318843,0.7464831829798033,0.7457142374859754,0.7453908857914674,0.7457141048072055
AP1,2750000.0,4.216965034285822,0.9317731842655484,0.9312699023105875,0.930530246313162,0.9312697077205631
AP1,2750000.0,8.25404185268019,0.9948910160879442,0.9948149525576755,0.994556681910441,0.9948147470445138
AP1,2750000.0,16.155980984398745,0.9999076796446162,0.9998085480242117,0.9999797878129405,0.9998083751156023
AP1,2750000.0,31.622776601683793,0.9999855139619694,0.9998784505872053,0.9999897635563915,0.999878285671201
AP1,3100000.0,0.01,0.005164822880727525,0.005118027351402039,0.004926366011966152,0.005118026706220679
AP1,3100000.0,0.019573417814876606,0.010036823265903123,0.00996243040662471,0.00971043344070553,0.009962428952365073
AP1,3100000.0,0.03831186849557289,0.019486739058036284,0.01936594932733255,0.01904502718492028,0.019365946260334714
AP1,3100000.0,0.07498942093324558,0.03770139942076078,0.03750317486531319,0.03711230368887881,0.03750316846851177
AP1,3100000.0,0.14677992676220697,0.07235435104924641,0.07203527640610123,0.07157856763541627,0.072035263628113
AP1,3100000.0,0.28729848333536656,0.136569301409648,0.1361040202269008,0.13554052272901135,0.13610399618520916
AP1,3100000.0,0.5623413251903491,0.24949569124912316,0.2489981719247305,0.24809053883699939,0.24899813327116066
AP1,3100000.0,1.1006941712522103,0.4288805648016,0.4285587445510286,0.4272258214628199,0.42855869519558326
AP1,3100000.0,2.1544346900318843,0.665693050735354,0.6647132308909267,0.6643995916547266,0.6647131458009934
AP1,3100000.0,4.216965034285822,0.8828250607873024,0.8825696741082312,0.8808634714980261,0.8825695119264474
AP1,3100000.0,8.25404185268019,0.9851126941243856,0.9849923871134856,0.9842552371359823,0.9849922292840285
AP1,3100000.0,16.155980984398745,0.9996327473779774,0.9995281292258348,0.9998058523540604,0.9995279357997326
AP1,3100000.0,31.622776601683793,0.9999845095918827,0.9998768362478133,0.9999853014711453,0.9998766418082667
AP1,3450000.0,0.01,0.003963637578341801,0.004013246593575107,0.003993655397608555,0.00401324626320558
AP1,3450000.0,0.019573417814876606,0.007740571198544165,0.007812495017110307,0.007777403397400749,0.0078124941856693615
AP1,3450000.0,0.03831186849557289,0.015088848291021766,0.015193381239337361,0.01513357095044015,0.015193379402128306
AP1,3450000.0,0.07498942093324558,0.029307517873046113,0.02945789470713963,0.029366200026718265,0.029457890588899093
AP1,3450000.0,0.14677992676220697,0.05653280559078127,0.05673915477925641,0.05663213298937181,0.05673914604465211
AP1,3450000.0,0.28729848333536656,0.10762535007740204,0.1078685955268744,0.10784064072271309,0.10786857743920739
AP1,3450000.0,0.5623413251903491,0.19988209069564164,0.20006402746600474,0.20024758481588298,0.2000639910345548
AP1,3450000.0,1.1006941712522103,0.35418252998520966,0.3543166370132349,0.35394516133437126,0.35431657487527557
AP1,3450000.0,2.1544346900318843,0.5740535555710444,0.5748220367558722,0.5731188466840232,0.5748219633075042
AP1,3450000.0,4.216965034285822,0.8112202807510327,0.811531393306536,0.8114690475016472,0.8115312431815216
AP1,3450000.0,8.25404185268019,0.9605970735145523,0.9608935755434994,0.9616515198737653,0.9608934213732562
AP1,3450000.0,16.155980984398745,0.9979793439834317,0.9978417560139526,0.9983545134064659,0.9978415949045815
AP1,3450000.0,31.622776601683793,0.9999810002655204,0.9998807080002805,0.9999703490898652,0.9998805420814572
AP1,3800000.0,0.01,0.0030752739047496236,0.0030608877938941435,0.0029302596777906796,0.0030608876649787947
AP1,3800000.0,0.019573417814876606,0.005977392588551449,0.005952423802735241,0.0057698390796910165,0.005952423270443057
AP1,3800000.0,0.03831186849557289,0.011621649940101076,0.011577328443008123,0.01132020042235891,0.011577327019291372
AP1,3800000.0,0.07498942093324558,0.022562930477426132,0.022483311988887242,0.022112052722992003,0.022483308692812207
AP1,3800000.0,0.14677992676220697,0.04361580346592402,0.04347457939097665,0.04290281646907627,0.04347457240303492
AP1,3800000.0,0.28729848333536656,0.08350116110420316,0.08326772626238484,0.08227861184207073,0.08326771271803188
AP1,3800000.0,0.5623413251903491,0.1566834028399021,0.15636853349732788,0.15452764792182483,0.15636850994645152
AP1,3800000.0,1.1006941712522103,0.28261692510831743,0.28229902432855564,0.27981291358430754,0.28229898897830347
AP1,3800000.0,2.1544346900318843,0.4765172284830874,0.475755529566579,0.47487220665065694,0.4757554629457412
AP1,3800000.0,4.216965034285822,0.7181221937527018,0.7177375099404333,0.7135212554620293,0.7177374012405265
AP1,3800000.0,8.25404185268019,0.9149756848199241,0.9150437070288953,0.9112498667111055,0.9150435621759246
AP1,3800000.0,16.155980984398745,0.9913554540647833,0.9916383387910478,0.9903204793419527,0.9916381732666676
AP1,3800000.0,31.622776601683793,0.9996321732489102,0.9994916848368666,0.9999872216837353,0.9994915118458535
AP1,4150000.0,0.01,0.0024110205320776947,0.0024255937956911707,0.0022810700927452026,0.002425593740851126
AP1,4150000.0,0.019573417814876606,0.004684312306869771,0.004705790934965362,0.004498631800411614,0.004705790696927768
AP1,4150000.0,0.03831186849557289,0.00910547156370597,0.009137365699845445,0.008842446149071512,0.009137364919661686
AP1,4150000.0,0.07498942093324558,0.017680791703496082,0.017727956584148743,0.017317603664418944,0.01772795472941755
AP1,4150000.0,0.14677992676220697,0.03421644700319252,0.03428357165000079,0.03374394599501239,0.03428356732643891
AP1,4150000.0,0.28729848333536656,0.06573877014704199,0.06582213533087934,0.06518228292378904,0.06582212581159703
AP1,4150000.0,0.5623413251903491,0.1245482431061656,0.1246142160085705,0.12383116727686379,0.1246141956392596
AP1,4150000.0,1.1006941712522103,0.22969345377247227,0.22971559545043932,0.22765913453003495,0.22971555648647582
AP1,4150000.0,2.1544346900318843,0.4000351232510812,0.4003388043960059,0.39550820748714854,0.40033874972748756
AP1,4150000.0,4.216965034285822,0.6306032535790528,0.6308040526925707,0.6278283866522157,0.630803943258102
AP1,4150000.0,8.25404185268019,0.8565991379275417,0.857052090507855,0.8549362377272747,0.8570519357434015
AP1,4150000.0,16.155980984398745,0.9760188601154386,0.9764739323591559,0.9773875441739385,0.9764737586246589
AP1,4150000.0,31.622776601683793,0.9988933556088823,0.9987231884639975,0.9997487663281418,0.9987230019241825
AP1,4500000.0,0.01,0.0017592500568677748,0.0017679846331090103,0.0017765182362590496,0.0017679840563444257
AP1,4500000.0,0.019573417814876606,0.003444190682695364,0.003453410466959518,0.003461433559897521,0.0034534095136533266
AP1,4500000.0,0.03831186849557289,0.006734765135615207,0.006741928859590183,0.006745526458254228,0.006741927246381859
AP1,4500000.0,0.07498942093324558,0.013143115612077639,0.013142375936126893,0.013134363081353507,0.013142373234435355
AP1,4500000.0,0.14677992676220697,0.02555636314101075,0.02553573287724058,0.02551289083141844,0.025535728274669277
AP1,4500000.0,0.28729848333536656,0.04934970372021554,0.04928633804116789,0.04930823997807495,0.04928633030677869
AP1,4500000.0,0.5623413251903491,0.09404734515047601,0.09389556208565795,0.09435628448282703,0.09389554911281318
AP1,4500000.0,1.1006941712522103,0.17513425780754188,0.17477380031759834,0.1768896079825884,0.1747737773592463
AP1,4500000.0,2.1544346900318843,0.3144732452513801,0.3136648597944872,0.31655692263316487,0.31366481185224954
AP1,4500000.0,4.216965034285822,0.5224023935082053,0.5213391009355439,0.5241994014418956,0.5213390212541953
AP1,4500000.0,8.25404185268019,0.7658196204231088,0.7645618098053348,0.7650042034852823,0.7645616898158666
AP1,4500000.0,16.155980984398745,0.9430240027405742,0.942214051076299,0.9403029258429538,0.94221387909608
AP1,4500000.0,31.622776601683793,0.9964352214280351,0.9965347210794353,0.995132350548493,0.9965345419159654
AP1,4850000.0,0.01,0.0012866590184792285,0.0012889599932223955,0.0012609104342043052,0.00128895954703174
AP1,4850000.0,0.019573417814876606,0.002510310503691043,0.002515215596907768,0.0024777489232576215,0.002515214861949766
AP1,4850000.0,0.03831186849557289,0.004898463061901631,0.004908584361651692,0.004859540601491854,0.004908583116755282
AP1,4850000.0,0.07498942093324558,0.009553457170728636,0.009573850373639902,0.00950970526401663,0.009573848225840698
AP1,4850000.0,0.14677992676220697,0.018602552181912497,0.018642822780873834,0.018548767508116265,0.01864281899646235
AP1,4850000.0,0.28729848333536656,0.03609997064839265,0.036177996384053376,0.03597384153288586,0.03617798944321594
AP1,4850000.0,0.5623413251903491,0.06956934373340848,0.06971824298987891,0.0690397094771663,0.069718230251623
AP1,4850000.0,1.1006941712522103,0.1320135375954446,0.13229783963610114,0.13011199645630378,0.1322978175262768
AP1,4850000.0,2.1544346900318843,0.24147818662327253,0.2420147356060382,0.2387308980801934,0.2420146989421128
AP1,4850000.0,4.216965034285822,0.4161845633559804,0.4170389586605586,0.41409794983921294,0.41703887479489743
AP1,4850000.0,8.25404185268019,0.6486798913392219,0.6499500608186153,0.6480335713984757,0.6499499462977701
AP1,4850000.0,16.155980984398745,0.869591023884677,0.8708739363358822,0.8666530429702592,0.8708737702331463
AP1,4850000.0,31.622776601683793,0.9769701736067993,0.9773717337957685,0.9812518005272511,0.9773715643618545
AP1,5200000.0,0.01,0.0010043357779502761,0.0009905032607636637,0.0010354514921907696,0.000990503035481036
AP1,5200000.0,0.019573417814876606,0.0019586166690565582,0.0019403600672581514,0.0020189869452376433,0.0019403596452979858
AP1,5200000.0,0.03831186849557289,0.003821121089471784,0.0037978434896369837,0.003938402865152377,0.003797842741477554
AP1,5200000.0,0.07498942093324558,0.007452617998582794,0.007424810674547207,0.007679762773493136,0.007424809288514168
AP1,5200000.0,0.14677992676220697,0.014518129686034173,0.014489380495946938,0.014951202189300837,0.0144893777813756
AP1,5200000.0,0.28729848333536656,0.028208857881123522,0.028190423743020186,0.02899492733130113,0.028190418254716187
AP1,5200000.0,0.5623413251903491,0.05453311591435121,0.054552772182196764,0.05577596822516287,0.054552761064680245
AP1,5200000.0,1.1006941712522103,0.10430757315092452,0.10441804169536231,0.1056911273397439,0.10441801921358497
AP1,5200000.0,2.1544346900318843,0.1942129821972109,0.1944737408331689,0.19585898745198554,0.1944737000019917
AP1,5200000.0,4.216965034285822,0.3424176553964302,0.342953984992699,0.34885225859318686,0.3429539125892277
AP1,5200000.0,8.25404185268019,0.559709381406716,0.5603912680801556,0.5672774044099194,0.5603911716799423
AP1,5200000.0,16.155980984398745,0.7954769875333092,0.7958166030802235,0.8081485822133044,0.7958164574285439
AP1,5200000.0,31.622776601683793,0.9536585633920595,0.9529421260969666,0.9619327594834514,0.9529419579020199
AP1,5550000.0,0.01,0.0006395909960750693,0.0006390538921263321,0.0005780000371242654,0.0006390539466899993
AP1,5550000.0,0.019573417814876606,0.0012341701140943884,0.001231628575731734,0.0011498176771896312,0.0012316286023451913
AP1,5550000.0,0.03831186849557289,0.0023899036796225163,0.0023828224564221606,0.0022759470773895374,0.0023828223465270594
AP1,5550000.0,0.07498942093324558,0.004638115714495702,0.004621352621000309,0.0044872361136021255,0.004621352209508224
AP1,5550000.0,0.14677992676220697,0.00901047353537803,0.008973879193704922,0.008814380254282368,0.008973878132886463
AP1,5550000.0,0.28729848333536656,0.017501414488540822,0.017425430411682305,0.017237211667212485,0.01742542792567239
AP1,5550000.0,0.5623413251903491,0.03393380086790869,0.033780643735170965,0.033481774008015906,0.033780638574762024
AP1,5550000.0,1.1006941712522103,0.0654571336735729,0.06514581963022524,0.064344869998188,0.06514581018464131
AP1,5550000.0,2.1544346900318843,0.12420302126472366,0.12353688243176701,0.12200303853479566,0.12353686862606589
AP1,5550000.0,4.216965034285822,0.22670300969750024,0.22548268433854737,0.22635814544179103,0.2254826578145614
AP1,5550000.0,8.25404185268019,0.3968785282452617,0.39492106146982936,0.392368371193963,0.3949210003981936
AP1,5550000.0,16.155980984398745,0.6273168185061534,0.6249436219785576,0.621275150903803,0.6249435295026701
AP1,5550000.0,31.622776601683793,0.8564146343554909,0.855236081364104,0.8436847577188518,0.8552359340863988
AP1,5900000.0,0.01,0.0003838118127496743,0.00037255604633579394,0.00041687003964437265,0.0003725561847901247
AP1,5900000.0,0.019573417814876606,0.0007480399587903422,0.0007310509505324337,0.0008041282146060186,0.0007310510881404358
AP1,5900000.0,0.03831186849557289,0.001459793600487661,0.0014335506680277263,0.001557104375694814,0.001433550794184718
AP1,5900000.0,0.07498942093324558,0.0028499791178004073,0.0028083567124778477,0.003022912053599628,0.002808356695602032
AP1,5900000.0,0.14677992676220697,0.005561555387879461,0.005493594356225801,0.005877698750339843,0.005493593945842392
AP1,5900000.0,0.28729848333536656,0.010834235814550409,0.010719922851733408,0.011435774955354121,0.010719921623489843
AP1,5900000.0,0.5623413251903491,0.021021763993891707,0.020825008645675824,0.02223866054505347,0.020825005897278336
AP1,5900000.0,1.1006941712522103,0.04048208387273989,0.04014655640895372,0.04311063910796534,0.04014655089536222
AP1,5900000.0,2.1544346900318843,0.07719366667717946,0.07667303327655181,0.08256694196388947,0.07667302303049008
AP1,5900000.0,4.216965034285822,0.14599191897750838,0.14519739141721438,0.15363764817339096,0.145197373717333
AP1,5900000.0,8.25404185268019,0.2635217161684213,0.2620828734381452,0.2794281554904003,0.26208283219484135
AP1,5900000.0,16.155980984398745,0.4483046370845466,0.4459497139660588,0.47280804190071746,0.44594965306852363
AP1,5900000.0,31.622776601683793,0.6868081765370238,0.682982983062812,0.7139912581460738,0.6829828810880976
AP1,6250000.0,0.01,0.00030928293389082174,0.0002945702186027403,0.00037794975416319395,0.00029457010727617576
AP1,6250000.0,0.019573417814876606,0.000601398493634636,0.0005772344349429324,0.0007227303622850797,0.0005772342744844374
AP1,6250000.0,0.03831186849557289,0.0011710602512233007,0.0011303430640714506,0.0013904386557242001,0.0011303428267789874
AP1,6250000.0,0.07498942093324558,0.0022818047699179225,0.00221158846166519,0.0026859455442102323,0.002211588058649096
AP1,6250000.0,0.14677992676220697,0.004446101984121406,0.004322728292623464,0.0052005059169699655,0.004322727667526465
AP1,6250000.0,0.28729848333536656,0.008657906609827324,0.008438384423206517,0.010073425491702368,0.00843838348521537
AP1,6250000.0,0.5623413251903491,0.01683857509712598,0.01644555211322766,0.019471803444910455,0.016445550514335265
AP1,6250000.0,1.1006941712522103,0.03267869782427445,0.031971144343794104,0.03742838709958476,0.0319711415561761
AP1,6250000.0,2.1544346900318843,0.06304300625624246,0.06173676087982703,0.07131357071567776,0.06173675529870711
AP1,6250000.0,4.216965034285822,0.1189408047680042,0.11647280308204004,0.13473512660790674,0.1164727893994649
AP1,6250000.0,8.25404185268019,0.21749334290861377,0.21342003202455576,0.2458174549622059,0.21342000108823192
AP1,6250000.0,16.155980984398745,0.3777815632986469,0.3710276217921921,0.4246622911054238,0.3710275692146368
AP1,6250000.0,31.622776601683793,0.6029135077121467,0.5927698617905093,0.6620903778940994,0.59276977634881
AP1,6600000.0,0.01,0.0002079077399970018,0.00020542651986886007,0.00021265680806433819,0.00020542657178926102
AP1,6600000.0,0.019573417814876606,0.0004101708938212873,0.000406562754965681,0.0004089009847636035,0.000406562802793569
AP1,6600000.0,0.03831186849557289,0.0008075585842071614,0.0008022287504286708,0.0007900943054064692,0.0008022287730729143
AP1,6600000.0,0.07498942093324558,0.0015875532021328274,0.0015794599211344303,0.0015317993948680301,0.0015794598499503244
AP1,6600000.0,0.14677992676220697,0.0031172727948448583,0.0031043800227462956,0.0029762384195955232,0.003104379693629403
AP1,6600000.0,0.28729848333536656,0.006114233013303027,0.006091954408173588,0.005789489916363611,0.006091953512987171
AP1,6600000.0,0.5623413251903491,0.011973259545812805,0.01192962588829655,0.011265555614632087,0.011929623587447596
AP1,6600000.0,1.1006941712522103,0.02336373593667898,0.023264856860178568,0.021917344340082776,0.02326485159349279
AP1,6600000.0,2.1544346900318843,0.04519348347707355,0.04495612348142198,0.042619880758860244,0.044956112775982215
AP1,6600000.0,4.216965034285822,0.0860822154194375,0.08563655113581646,0.08228981086565633,0.0856365346559202
AP1,6600000.0,8.25404185268019,0.1625344395585976,0.16189096478857556,0.1538763031784297,0.1618909425128702
AP1,6600000.0,16.155980984398745,0.2935699403028756,0.2925757622237621,0.279709322249008,0.29257570610075445
AP1,6600000.0,31.622776601683793,0.4993292953430187,0.4986995141578831,0.46907756974269715,0.4986994233706013
AP1,6950000.0,0.01,0.00013286705857710354,0.00013105055481396735,0.00013359123276554473,0.00013105061907614193
AP1,6950000.0,0.019573417814876606,0.00025388444825803346,0.0002492634584007549,0.00026364176224990166,0.00024926352570311554
AP1,6950000.0,0.03831186849557289,0.00048830786973869,0.000477790689388003,0.0005190747238275066,0.00047779077178997553
AP1,6950000.0,0.07498942093324558,0.0009435594702419838,0.0009208856360960533,0.0010199794983026568,0.0009208856871670588
AP1,6950000.0,0.14677992676220697,0.0018289917138269644,0.0017815186039632713,0.0020009361789611914,0.0017815186357074192
AP1,6950000.0,0.28729848333536656,0.0035517487480967135,0.003453898693216284,0.003919712428638372,0.0034538986171346164
AP1,6950000.0,0.5623413251903491,0.006899241311801182,0.006699045952144859,0.007669089889566531,0.0066990457876896356
AP1,6950000.0,1.1006941712522103,0.013374475872676268,0.012966817240772631,0.014990280713677945,0.012966817184819263
AP1,6950000.0,2.1544346900318843,0.025776533423844214,0.024960412241923368,0.02926071827977802,0.024960412895683282
AP1,6950000.0,4.216965034285822,0.04927867905184254,0.047739087852169876,0.05670667836907351,0.047739088126871984
AP1,6950000.0,8.25404185268019,0.09419761306637761,0.0913849546700742,0.10743818884303223,0.09138494827119446
AP1,6950000.0,16.155980984398745,0.17511442495876767,0.16983531531769505,0.2010994011181521,0.1698353050600394
AP1,6950000.0,31.622776601683793,0.31528019535109086,0.30637221504901535,0.3588483808672219,0.30637218896204454
AP1,7300000.0,0.01,2.1862390951792876e-8,7.006838399941337e-8,1.2761564114927562e-7,7.006918933980136e-8
AP1,7300000.0,0.019573417814876606,1.4466747590244254e-7,2.5058536034793993e-7,2.917025380751981e-7,2.505863349357352e-7
AP1,7300000.0,0.03831186849557289,5.01257238790031e-7,6.920299419397561e-7,6.437979511943596e-7,6.920310368483712e-7
AP1,7300000.0,0.07498942093324558,1.366768009124509e-6,1.682238020054856e-6,1.3752968535628825e-6,1.6822403147643836e-6
AP1,7300000.0,0.14677992676220697,3.306266403989226e-6,3.801382901110878e-6,2.867158724870545e-6,3.8013852397427815e-6
AP1,7300000.0,0.28729848333536656,7.462717423229562e-6,8.198690712032515e-6,5.888928099349829e-6,8.198698393600559e-6
AP1,7300000.0,0.5623413251903491,0.00001607996791890128,0.00001707000616645891,0.000012061867140038917,0.000017070031740850634
AP1,7300000.0,1.1006941712522103,0.00003322932049714509,0.000034257643830950414,0.00002509088231963458,0.00003425772488256763
AP1,7300000.0,2.1544346900318843,0.00006491406407770733,0.0000652842808326272,0.00005413026534858613,0.00006528449088415526
AP1,7300000.0,4.216965034285822,0.00011842527072849577,0.0001185001392938928,0.00011854598000316831,0.00011850043494696184
AP1,7300000.0,8.25404185268019,0.0002343017669553644,0.00024102572341998704,0.00022697400310286704,0.00024102571093097193
AP1,7300000.0,16.155980984398745,0.0004875867224133651,0.0004873482545038114,0.00045224785647524513,0.00048734886844991444
AP1,7300000.0,31.622776601683793,0.000981716583361088,0.0009819474700633692,0.0008916029188882117,0.0009819482946044785
AP1,7650000.0,0.01,3.237379233584087e-7,2.983660607963611e-7,2.2764603568958666e-8,2.9836131614546355e-7
AP1,7650000.0,0.019573417814876606,3.1288198222890634e-7,2.847333095339453e-7,2.450230289877425e-8,2.8472929492586796e-7
AP1,7650000.0,0.03831186849557289,2.9704057089855274e-7,2.653780279900414e-7,2.8116604350308474e-8,2.653748012474111e-7
AP1,7650000.0,0.07498942093324558,2.7382323262910283e-7,2.379942517158505e-7,3.552989061882523e-8,2.3799223601263507e-7
AP1,7650000.0,0.14677992676220697,2.399375090841664e-7,1.9983745242515963e-7,5.0551923959688554e-8,1.9983657263630889e-7
AP1,7650000.0,0.28729848333536656,1.9167307431494281e-7,1.4903637529400214e-7,8.046736765498359e-8,1.4903651769542163e-7
AP1,7650000.0,0.5623413251903491,1.275069528669088e-7,8.980399072080601e-8,1.3794502182260563e-7,8.980458829377064e-8
AP1,7650000.0,1.1006941712522103,5.6191727726184083e-8,4.836772854213681e-8,2.39339013206485e-7,4.836894824740989e-8
AP1,7650000.0,2.1544346900318843,2.2042635224096192e-8,1.0535407382638426e-7,3.798640113055489e-7,1.0535332067619408e-7
AP1,7650000.0,4.216965034285822,1.861571800209296e-7,3.7734079121250985e-7,4.216325968150331e-7,3.7731977891371936e-7
AP1,7650000.0,8.25404185268019,4.5261585798106944e-7,5.338412509722919e-7,8.4966770127888e-8,5.338384130164352e-7
AP1,7650000.0,16.155980984398745,1.4283377080183097e-8,5.9008095877209557e-8,3.5274527445736295e-7,5.900252078548797e-8
AP1,7650000.0,31.622776601683793,2.474245451872142e-7,1.81438097197721e-7,6.409720904934389e-8,1.8144683744775145e-7
AP1,8000000.0,0.01,4.5094632803776145e-6,4.037124753559881e-6,7.036403424616508e-7,4.037313113977886e-6
AP1,8000000.0,0.019573417814876606,4.80797190990443e-6,3.875823535491654e-6,6.289728039538865e-7,3.876119084076663e-6
AP1,8000000.0,0.03831186849557289,5.238169458030376e-6,3.606436671533993e-6,5.762453896708061e-7,3.606866670590696e-6
AP1,8000000.0,0.07498942093324558,5.8365206662829125e-6,3.157084124320359e-6,6.064515715823587e-7,3.1576631771814417e-6
AP1,8000000.0,0.14677992676220697,6.58425140545764e-6,2.4352353262838073e-6,8.448880879767104e-7,2.4359294810801856e-6
AP1,8000000.0,0.28729848333536656,7.2339628603215905e-6,1.4138888381502754e-6,1.4829646216730046e-6,1.414542408947046e-6
AP1,8000000.0,0.5623413251903491,6.9336971813040925e-6,4.7502659167959153e-7,2.5572755094283666e-6,4.7532413352884026e-7
AP1,8000000.0,1.1006941712522103,4.316464472824626e-6,9.9762013515326e-7,3.0465375940207017e-6,9.9753365481008e-7
AP1,8000000.0,2.1544346900318843,1.7933507901204808e-6,3.3027608994557665e-6,9.258913204264389e-7,3.3038859168359546e-6
AP1,8000000.0,4.216965034285822,5.573929784586465e-6,8.970199518737582e-7,2.6112531677012064e-6,8.980348395884142e-7
AP1,8000000.0,8.25404185268019,3.6637377682104127e-6,4.626561491190964e-6,9.109382753226735e-7,4.626588249619453e-6
AP1,8000000.0,16.155980984398745,5.012314555255863e-6,2.9411122241070065e-6,4.950732458730536e-7,2.9433177483495746e-6
AP1,8000000.0,31.622776601683793,2.712123906361612e-6,4.54650080560604e-6,1.2259985139493905e-6,4.548141517795973e-6
AP2_end_to_end,-2500000.0,0.01,2.4608814783584547e-8,2.015877070032065e-9,7.624811098716745e-9,2.0144998120234093e-9
AP2_end_to_end,-2500000.0,0.019573417814876606,2.26405982975724e-8,1.8838390786515393e-9,7.002169372404757e-9,1.8825488141528253e-9
AP2_end_to_end,-2500000.0,0.03831186849557289,2.0024179740860122e-8,1.706897120089842e-9,6.175534175064367e-9,1.7056828743233292e-9
AP2_end_to_end,-2500000.0,0.07498942093324558,1.6632682676215977e-8,1.474459089674614e-9,5.106088115360757e-9,1.4733862500647642e-9
AP2_end_to_end,-2500000.0,0.14677992676220697,1.2414883486620213e-8,1.1789035305911202e-9,3.780454989102841e-9,1.1780302708818114e-9
AP2_end_to_end,-2500000.0,0.28729848333536656,7.546818181716838e-9,8.234862730545004e-10,2.259942061614616e-9,8.228274833558094e-10
AP2_end_to_end,-2500000.0,0.5623413251903491,2.760835992215067e-9,4.397398826211936e-10,7.874619358589181e-10,4.3934974018268306e-10
AP2_end_to_end,-2500000.0,1.1006941712522103,3.402761811519479e-11,1.2491874369757423e-10,1.0045173465114759e-11,1.2481571528743464e-10
AP2_end_to_end,-2500000.0,2.1544346900318843,3.99624752224773e-9,1.1868935815556526e-10,1.4334464397589458e-9,1.1878151028452917e-10
AP2_end_to_end,-2500000.0,4.216965034285822,2.475559562195854e-8,9.58878640683173e-10,8.330775858832003e-9,9.588251339899023e-10
AP2_end_to_end,-2500000.0,8.25404185268019,8.345408687628361e-8,3.795168678368448e-9,2.7525735297470622e-8,3.7941957068833225e-9
AP2_end_to_end,-2500000.0,16.155980984398745,2.2284720246296502e-7,1.1004664565393715e-8,7.275861065909616e-8,1.1000987211822479e-8
AP2_end_to_end,-2500000.0,31.622776601683793,5.261277327527904e-7,2.7546177465360994e-8,1.7067608983919299e-7,2.753646957393912e-8
AP2_end_to_end,-2412500.0,0.01,2.6350945926047027e-8,1.653215572046819e-9,8.762352068541639e-9,1.6522880604008723e-9
AP2_end_to_end,-2412500.0,0.019573417814876606,2.4774039725251142e-8,1.5095287223044726e-9,8.129623526415544e-9,1.508705348676415e-9
AP2_end_to_end,-2412500.0,0.03831186849557289,2.2649452617003176e-8,1.3195646680830839e-9,7.2845138643785035e-9,1.3188145280078946e-9
AP2_end_to_end,-2412500.0,0.07498942093324558,1.9836749450830835e-8,1.0753076855825161e-9,6.180985329884305e-9,1.0746805280380774e-9
AP2_end_to_end,-2412500.0,0.14677992676220697,1.6214367628451135e-8,7.757354075172535e-10,4.791720475936713e-9,7.753020383523062e-10
AP2_end_to_end,-2412500.0,0.28729848333536656,1.1758862931421938e-8,4.391233127497713e-10,3.151891952854047e-9,4.3884686024687755e-10
AP2_end_to_end,-2412500.0,0.5623413251903491,6.7246497303946935e-9,1.2947087411898876e-10,1.4550789624546304e-9,1.2935687274186757e-10
AP2_end_to_end,-2412500.0,1.1006941712522103,2.0303828305263546e-9,1.1498248476573954e-11,2.563583846896347e-10,1.1470111390169343e-11
AP2_end_to_end,-2412500.0,2.1544346900318843,6.210450183828857e-11,4.6207812705305364e-10,8.902570237855582e-10,4.6188584758426195e-10
AP2_end_to_end,-2412500.0,4.216965034285822,6.3050176292918236e-9,2.2922448406451835e-9,6.308848772019267e-9,2.291403579523882e-9
AP2_end_to_end,-2412500.0,8.25404185268019,3.259139187998878e-8,7.18041545096378e-9,2.27049141744009e-8,7.17741113426191e-9
AP2_end_to_end,-2412500.0,16.155980984398745,1.0341357702871769e-7,1.8559134020892383e-8,6.24480390910213e-8,1.8550792083512983e-8
AP2_end_to_end,-2412500.0,31.622776601683793,2.678863064490754e-7,4.329809272714302e-8,1.4857102372682875e-7,4.327936980573614e-8
AP2_end_to_end,-2325000.0,0.01,2.3946040922477822e-8,1.9711961742713875e-9,8.181322485984317e-9,1.969848591964932e-9
AP2_end_to_end,-2325000.0,0.019573417814876606,2.1939727160519333e-8,1.8342582614048312e-9,7.706914835094334e-9,1.8329755709606831e-9
AP2_end_to_end,-2325000.0,0.03831186849557289,1.927988507963337e-8,1.6508637350241611e-9,7.06743964695787e-9,1.6497438622114773e-9
AP2_end_to_end,-2325000.0,0.07498942093324558,1.5846736038632764e-8,1.4105292107200896e-9,6.22015395429835e-9,1.4095638535905708e-9
AP2_end_to_end,-2325000.0,0.14677992676220697,1.1608499947518953e-8,1.106133732447436e-9,5.1278406368137056e-9,1.1053936427860325e-9
AP2_end_to_end,-2325000.0,0.28729848333536656,6.786874636147216e-9,7.429799861179685e-10,3.782695500474978e-9,7.424745235870383e-10
AP2_end_to_end,-2325000.0,0.5623413251903491,2.2147108118318343e-9,3.5859087245480183e-10,2.260480519890583e-9,3.583560478143225e-10
AP2_end_to_end,-2325000.0,1.1006941712522103,8.238021818189748e-11,6.500104484694872e-11,8.386695617527359e-10,6.49687201376571e-11
AP2_end_to_end,-2325000.0,2.1544346900318843,5.458895776310373e-9,1.366029165059282e-10,2.4163609271407255e-10,1.3649936762494705e-10
AP2_end_to_end,-2325000.0,4.216965034285822,2.9326174484230548e-8,1.1868357446646337e-9,2.1358594370661716e-9,1.1859780094779242e-9
AP2_end_to_end,-2325000.0,8.25404185268019,9.446741246702212e-8,4.496951502385448e-9,1.0081606175180582e-8,4.4939647956653196e-9
AP2_end_to_end,-2325000.0,16.155980984398745,2.463036335030387e-7,1.2634818984569992e-8,3.1240149367779904e-8,1.2625511548223114e-8
AP2_end_to_end,-2325000.0,31.622776601683793,5.706090843184184e-7,3.0284962721597265e-8,7.890468139761635e-8,3.026418444206065e-8
AP2_end_to_end,-2237500.0,0.01,2.9524689416017236e-8,1.688660664609255e-9,9.31373789006712e-9,1.6876732548951701e-9
AP2_end_to_end,-2237500.0,0.019573417814876606,2.7991599188844786e-8,1.5845556966965844e-9,8.762589048612334e-9,1.5836487027253502e-9
AP2_end_to_end,-2237500.0,0.03831186849557289,2.5920291333770805e-8,1.4449118915190538e-9,8.021686846913828e-9,1.4440582405514117e-9
AP2_end_to_end,-2237500.0,0.07498942093324558,2.316583550786516e-8,1.2613068061529016e-9,7.043877511858741e-9,1.2605172416947924e-9
AP2_end_to_end,-2237500.0,0.14677992676220697,1.9591944966624903e-8,1.0273014704996087e-9,5.790523013939748e-9,1.0266233580499538e-9
AP2_end_to_end,-2237500.0,0.28729848333536656,1.51366978413293e-8,7.4445908253291e-10,4.260416793970213e-9,7.43932215722485e-10
AP2_end_to_end,-2237500.0,0.5623413251903491,9.963096895340782e-9,4.3528832251040017e-10,2.554569529898099e-9,4.349213679433989e-10
AP2_end_to_end,-2237500.0,1.1006941712522103,4.783627779314983e-9,1.7072984490338047e-10,1.0130559547571153e-9,1.705419683604114e-10
AP2_end_to_end,-2237500.0,2.1544346900318843,1.5364584150595216e-9,1.2669356979045267e-10,4.970974688971937e-10,1.2666106632023283e-10
AP2_end_to_end,-2237500.0,4.216965034285822,4.7809043573816945e-9,7.00592522947223e-10,2.96224956263742e-9,7.005117119175076e-10
AP2_end_to_end,-2237500.0,8.25404185268019,2.46168483204516e-8,2.7542443508749324e-9,1.2628168499430732e-8,2.7538618109224386e-9
AP2_end_to_end,-2237500.0,16.155980984398745,8.30872495742359e-8,8.112114853282638e-9,3.843439606968899e-8,8.110219801294192e-9
AP2_end_to_end,-2237500.0,31.622776601683793,2.2963777560290816e-7,2.094123788522832e-8,9.955209844136919e-8,2.0935757916785996e-8
AP2_end_to_end,-2150000.0,0.01,2.579298415555584e-8,1.9750075735619976e-9,6.945790025168418e-9,1.973549426092047e-9
AP2_end_to_end,-2150000.0,0.019573417814876606,2.4074221350503536e-8,1.79571116429798e-9,6.268352429497362e-9,1.7943300043568868e-9
AP2_end_to_end,-2150000.0,0.03831186849557289,2.178689815706313e-8,1.5590675454776745e-9,5.378814541510317e-9,1.5578906894565676e-9
AP2_end_to_end,-2150000.0,0.07498942093324558,1.8817164409882573e-8,1.2561155010036058e-9,4.2485120096571166e-9,1.2551138768952948e-9
AP2_end_to_end,-2150000.0,0.14677992676220697,1.5115676967997994e-8,8.871958472280441e-10,2.890831859150289e-9,8.864697355860011e-10
AP2_end_to_end,-2150000.0,0.28729848333536656,1.0830110561961327e-8,4.789415827104977e-10,1.4296340726027547e-9,4.784963588082733e-10
AP2_end_to_end,-2150000.0,0.5623413251903491,6.596201299881466e-9,1.1953814973122564e-10,2.4402047137726247e-10,1.193794816509902e-10
AP2_end_to_end,-2150000.0,1.1006941712522103,4.150665377855682e-9,3.23619041927774e-11,2.6730021879595336e-10,3.2370539297451855e-11
AP2_end_to_end,-2150000.0,2.1544346900318843,7.585326933390368e-9,7.258920806984122e-10,3.5911249943830857e-9,7.256542521711748e-10
AP2_end_to_end,-2150000.0,4.216965034285822,2.5828370513022144e-8,3.2943493573316423e-9,1.4664405173349028e-8,3.2927532199411094e-9
AP2_end_to_end,-2150000.0,8.25404185268019,7.720636638791008e-8,1.00134056201588e-8,4.261791742247253e-8,1.0008170775281649e-8
AP2_end_to_end,-2150000.0,16.155980984398745,1.9681043716700932e-7,2.536656233846416e-8,1.0559267984034087e-7,2.5352597330989072e-8
AP2_end_to_end,-2150000.0,31.622776601683793,4.4294822988156083e-7,5.7975902571734935e-8,2.3806615082917138e-7,5.7942584484646594e-8
AP2_end_to_end,-2062500.0,0.01,2.797136391430397e-8,1.677459729343932e-9,7.887859985132678e-9,1.6764133812432036e-9
AP2_end_to_end,-2062500.0,0.019573417814876606,2.574068618344541e-8,1.613766991267209e-9,7.468990839902769e-9,1.6127743893849374e-9
AP2_end_to_end,-2062500.0,0.03831186849557289,2.2799011930248582e-8,1.5267658197846167e-9,6.9095899297290866e-9,1.5258030661966675e-9
AP2_end_to_end,-2062500.0,0.07498942093324558,1.9033529427985336e-8,1.4091096508679432e-9,6.179512984907786e-9,1.4082464836816206e-9
AP2_end_to_end,-2062500.0,0.14677992676220697,1.444951419053465e-8,1.2525825448765837e-9,5.26186489951931e-9,1.2518054296780766e-9
AP2_end_to_end,-2062500.0,0.28729848333536656,9.371832540046221e-9,1.0495377154625006e-9,4.18332032235261e-9,1.0488913829811813e-9
AP2_end_to_end,-2062500.0,0.5623413251903491,4.873482593844633e-9,7.971308807586298e-10,3.0815255338212e-9,7.966269262041767e-10
AP2_end_to_end,-2062500.0,1.1006941712522103,3.6587300962339197e-9,5.067208424233562e-10,2.34816301509759e-9,5.064089454782634e-10
AP2_end_to_end,-2062500.0,2.1544346900318843,1.185045262686873e-8,2.248217964459228e-10,2.9215744982143314e-9,2.246412119101922e-10
AP2_end_to_end,-2062500.0,4.216965034285822,4.2571381327778884e-8,7.51083246881717e-11,6.852670656314143e-9,7.492121187444246e-11
AP2_end_to_end,-2062500.0,8.25404185268019,1.2312635562245426e-7,3.3872415283395317e-10,1.8274487281295273e-8,3.381497323992629e-10
AP2_end_to_end,-2062500.0,16.155980984398745,3.0956877754217266e-7,1.5611104083534866e-9,4.458568763188376e-8,1.5591023442279788e-9
AP2_end_to_end,-2062500.0,31.622776601683793,7.165311168216662e-7,4.64952245254916e-9,9.559133222404716e-8,4.644793507923697e-9
AP2_end_to_end,-1975000.0,0.01,2.993669349531808e-8,2.2826801063734087e-9,9.207710951083145e-9,2.2812192314808946e-9
AP2_end_to_end,-1975000.0,0.019573417814876606,2.9235673979874252e-8,2.0755652856599397e-9,8.88052878537103e-9,2.0741842335827893e-9
AP2_end_to_end,-1975000.0,0.03831186849557289,2.826935183259306e-8,1.805461918114267e-9,8.442169394190386e-9,1.8042562189077868e-9
AP2_end_to_end,-1975000.0,0.07498942093324558,2.6946052810041876e-8,1.4661662556291007e-9,7.866700406599119e-9,1.4651475654347372e-9
AP2_end_to_end,-1975000.0,0.14677992676220697,2.5151419139994534e-8,1.0670018702888097e-9,7.135090943718418e-9,1.066189853616368e-9
AP2_end_to_end,-1975000.0,0.28729848333536656,2.27536973033791e-8,6.563740691985704e-10,6.253977428965949e-9,6.55790445147736e-10
AP2_end_to_end,-1975000.0,0.5623413251903491,1.9625069133636207e-8,3.710408580721159e-10,5.296456642064861e-9,3.7074003451769823e-10
AP2_end_to_end,-1975000.0,1.1006941712522103,1.5700398326497065e-8,5.364250700211854e-10,4.48725341944501e-9,5.362382137211071e-10
AP2_end_to_end,-1975000.0,2.1544346900318843,1.1112829889662997e-8,1.8659853383842863e-9,4.374101381310917e-9,1.8655036952119152e-9
AP2_end_to_end,-1975000.0,4.216965034285822,6.468014308646125e-9,5.8503523952909726e-9,6.1752824414985435e-9,5.8482272046827225e-9
AP2_end_to_end,-1975000.0,8.25404185268019,3.28392773825359e-9,1.551385049401605e-8,1.2493897829617905e-8,1.5507559493439693e-8
AP2_end_to_end,-1975000.0,16.155980984398745,4.3159389318711225e-9,3.653020799907575e-8,2.888777025293534e-8,3.6514827088340746e-8
AP2_end_to_end,-1975000.0,31.622776601683793,1.2387563084182063e-8,7.893901153460102e-8,6.76309077969718e-8,7.890604402479508e-8
AP2_end_to_end,-1887500.0,0.01,2.5226371025436118e-8,1.8487130283942462e-9,6.71352611647457e-9,1.8473445849173355e-9
AP2_end_to_end,-1887500.0,0.019573417814876606,2.246785849917881e-8,1.769075972278188e-9,5.8271660990950915e-9,1.7677805629487583e-9
AP2_end_to_end,-1887500.0,0.03831186849557289,1.890994178521561e-8,1.6639387380270439e-9,4.694641375934699e-9,1.6627716666969494e-9
AP2_end_to_end,-1887500.0,0.07498942093324558,1.452368373252633e-8,1.5292999925410197e-9,3.320882960203116e-9,1.5282323551279564e-9
AP2_end_to_end,-1887500.0,0.14677992676220697,9.548135350621108e-9,1.3655326873133169e-9,1.8114004857320048e-9,1.364617164086782e-9
AP2_end_to_end,-1887500.0,0.28729848333536656,4.868058725306112e-9,1.1853282240324898e-9,5.07183629203449e-10,1.1845602558245205e-9
AP2_end_to_end,-1887500.0,0.5623413251903491,2.803048599374871e-9,1.0307550434661077e-9,2.637304822927476e-10,1.0301003010754492e-9
AP2_end_to_end,-1887500.0,1.1006941712522103,8.719777041983697e-9,1.0092165740126269e-9,3.0170323594057154e-9,1.0085111862015157e-9
AP2_end_to_end,-1887500.0,2.1544346900318843,3.4254442338458304e-8,1.3666671098010374e-9,1.291407938647575e-8,1.3655771152601266e-9
AP2_end_to_end,-1887500.0,4.216965034285822,1.035352994546534e-7,2.625312512934225e-9,3.8533190528239186e-8,2.6230410847607982e-9
AP2_end_to_end,-1887500.0,8.25404185268019,2.644821681529007e-7,5.793687191233476e-9,9.720521616172375e-8,5.788741334327392e-9
AP2_end_to_end,-1887500.0,16.155980984398745,6.065667946529645e-7,1.2560000724587513e-8,2.2291911006810903e-7,1.254926626871365e-8
AP2_end_to_end,-1887500.0,31.622776601683793,1.2762299318721627e-6,2.4784687216197007e-8,4.797763866968128e-7,2.4760091416227296e-8
AP2_end_to_end,-1800000.0,0.01,2.5098570264708318e-8,2.475640873653217e-9,9.422418793489808e-9,2.474696689304267e-9
AP2_end_to_end,-1800000.0,0.019573417814876606,2.283230224601589e-8,2.2565799238882586e-9,9.145741994467356e-9,2.2556527821933796e-9
AP2_end_to_end,-1800000.0,0.03831186849557289,1.9969912842297396e-8,1.97609327364331e-9,8.795813073499935e-9,1.975288098478263e-9
AP2_end_to_end,-1800000.0,0.07498942093324558,1.6567230663082414e-8,1.6344821842792592e-9,8.379563498836687e-9,1.6338244675048557e-9
AP2_end_to_end,-1800000.0,0.14677992676220697,1.2981152471454407e-8,1.2558256196362377e-9,7.941987887135697e-9,1.2552886593919192e-9
AP2_end_to_end,-1800000.0,0.28729848333536656,1.0253613639740645e-8,9.19444921990091e-10,7.616360224693322e-9,9.190364115325593e-10
AP2_end_to_end,-1800000.0,0.5623413251903491,1.0897383677211811e-8,8.256068753132495e-10,7.72858652148823e-9,8.252459096511194e-10
AP2_end_to_end,-1800000.0,1.1006941712522103,2.0482837287403914e-8,1.4272299957980995e-9,9.007617890250536e-9,1.4266715983008282e-9
AP2_end_to_end,-1800000.0,2.1544346900318843,5.082794592374435e-8,3.6960564742049788e-9,1.2992505992152831e-8,3.69459866889705e-9
AP2_end_to_end,-1800000.0,4.216965034285822,1.2644693158613487e-7,9.668571463585922e-9,2.2747954843985913e-8,9.664304897791358e-9
AP2_end_to_end,-1800000.0,8.25404185268019,2.980283187999225e-7,2.3574066882190417e-8,4.38318782447303e-8,2.3564519079587006e-8
AP2_end_to_end,-1800000.0,16.155980984398745,6.719694377112066e-7,5.429943730790163e-8,8.475157123839501e-8,5.428079781065605e-8
AP2_end_to_end,-1800000.0,31.622776601683793,1.479293901276778e-6,1.2027420864468696e-7,1.5356591369620183e-7,1.2022230347887663e-7
AP2_end_to_end,-1712500.0,0.01,2.7604450023664706e-8,2.6274503886590297e-9,8.074694121367881e-9,2.6263299568092093e-9
AP2_end_to_end,-1712500.0,0.019573417814876606,2.808900142765993e-8,2.5395034393111225e-9,7.54594443136514e-9,2.5384409191137187e-9
AP2_end_to_end,-1712500.0,0.03831186849557289,2.8775042803563105e-8,2.4382442314774803e-9,6.902006167597544e-9,2.437259296099787e-9
AP2_end_to_end,-1712500.0,0.07498942093324558,2.9750769877552092e-8,2.339453888242028e-9,6.188983566892815e-9,2.338508790938662e-9
AP2_end_to_end,-1712500.0,0.14677992676220697,3.1147700589571015e-8,2.2857746981043563e-9,5.559190899628042e-9,2.284856360339397e-9
AP2_end_to_end,-1712500.0,0.28729848333536656,3.3165244645916764e-8,2.377735916765256e-9,5.400898433482566e-9,2.3766279977522617e-9
AP2_end_to_end,-1712500.0,0.5623413251903491,3.6113962346441256e-8,2.8371374881449534e-9,6.608915284579388e-9,2.8354305584812716e-9
AP2_end_to_end,-1712500.0,1.1006941712522103,4.0490558813642114e-8,4.136063589318016e-9,1.1161430747134134e-8,4.132935651919603e-9
AP2_end_to_end,-1712500.0,2.1544346900318843,4.7107835510220094e-8,7.2519998628164424e-9,2.3357169258372005e-8,7.245918763787625e-9
AP2_end_to_end,-1712500.0,4.216965034285822,5.73252353822702e-8,1.4132516608036337e-8,5.219438382502584e-8,1.4120584452418001e-8
AP2_end_to_end,-1712500.0,8.25404185268019,7.315018006161001e-8,2.8274665121034936e-8,1.121327255517003e-7,2.825294516034664e-8
AP2_end_to_end,-1712500.0,16.155980984398745,9.543261534191845e-8,5.1930296952519404e-8,1.9785409399933012e-7,5.190746504390565e-8
AP2_end_to_end,-1712500.0,31.622776601683793,1.3861611164516902e-7,8.861731748207111e-8,4.485427618692195e-7,8.852300711321423e-8
AP2_end_to_end,-1625000.0,0.01,2.0264217198293627e-8,1.2966908590400144e-9,6.829055796064489e-9,1.2951391027007297e-9
AP2_end_to_end,-1625000.0,0.019573417814876606,1.838450211621842e-8,1.0693407336730588e-9,5.497605736123143e-9,1.0678988456076586e-9
AP2_end_to_end,-1625000.0,0.03831186849557289,1.632469803804509e-8,8.294069609547381e-10,3.9225836945021096e-9,8.281041569061335e-10
AP2_end_to_end,-1625000.0,0.07498942093324558,1.4562851908831813e-8,6.466027154403278e-10,2.2831982486542934e-9,6.453821159792194e-10
AP2_end_to_end,-1625000.0,0.14677992676220697,1.4299247667818433e-8,6.899409027425274e-10,1.0939393973857299e-9,6.886396302662361e-10
AP2_end_to_end,-1625000.0,0.28729848333536656,1.8254478906317395e-8,1.3362084408121567e-9,1.5840831627250166e-9,1.3344300908527642e-9
AP2_end_to_end,-1625000.0,0.5623413251903491,3.225604664479435e-8,3.388820026757888e-9,6.4352032999835686e-9,3.385779976775338e-9
AP2_end_to_end,-1625000.0,1.1006941712522103,6.829067563133366e-8,8.517765361629773e-9,2.1119535140254207e-8,8.511969798588629e-9
AP2_end_to_end,-1625000.0,2.1544346900318843,1.500281753792018e-7,2.0113179536218754e-8,5.5973386679356864e-8,2.0103144945698995e-8
AP2_end_to_end,-1625000.0,4.216965034285822,3.2158986597556146e-7,4.468868269421219e-8,1.2807088882548337e-7,4.467544886714781e-8
AP2_end_to_end,-1625000.0,8.25404185268019,6.582342197581524e-7,9.313625977019453e-8,2.622926900439062e-7,9.311565453623635e-8
AP2_end_to_end,-1625000.0,16.155980984398745,1.2461346188576715e-6,1.74312974675016e-7,5.595190310864271e-7,1.743019566200691e-7
AP2_end_to_end,-1625000.0,31.622776601683793,2.04265768724394e-6,3.942327122056693e-7,1.2220771262104374e-6,3.939456638705575e-7
AP2_end_to_end,-1537500.0,0.01,2.1549649109451975e-8,1.5664374828885384e-9,7.786652583472537e-9,1.5734780230634869e-9
AP2_end_to_end,-1537500.0,0.019573417814876606,1.6983686277212533e-8,1.6524264303025391e-9,7.1077212519412965e-9,1.6609165706299281e-9
AP2_end_to_end,-1537500.0,0.03831186849557289,1.2301396748154805e-8,1.775028650621765e-9,6.397578656093371e-9,1.785722300615435e-9
AP2_end_to_end,-1537500.0,0.07498942093324558,9.098660039410914e-9,1.9494321991097277e-9,5.871980628571361e-9,1.9634405447741307e-9
AP2_end_to_end,-1537500.0,0.14677992676220697,1.1186398051251948e-8,2.1938652334376936e-9,6.050787635709676e-9,2.2129649895121432e-9
AP2_end_to_end,-1537500.0,0.28729848333536656,2.6968895079977335e-8,2.519987114214732e-9,8.091287387157874e-9,2.5470692490214037e-9
AP2_end_to_end,-1537500.0,0.5623413251903491,7.409035398015231e-8,2.893795181301826e-9,1.4480481530940372e-8,2.9329572286734426e-9
AP2_end_to_end,-1537500.0,1.1006941712522103,1.881011316277281e-7,3.1181858329094885e-9,3.053940328719546e-8,3.1722366525050507e-9
AP2_end_to_end,-1537500.0,2.1544346900318843,4.3703652061040347e-7,2.7718769274237037e-9,6.808283584021968e-8,2.821743130964846e-9
AP2_end_to_end,-1537500.0,4.216965034285822,9.397660611389255e-7,4.452832543577198e-9,1.560420298848679e-7,4.363321289544056e-9
AP2_end_to_end,-1537500.0,8.25404185268019,1.8671695427311927e-6,3.5415739203740194e-8,3.7116531272017017e-7,3.509150653831801e-8
AP2_end_to_end,-1537500.0,16.155980984398745,3.3603813844661712e-6,2.3360523461920534e-8,8.075418256121528e-7,2.3769316334742147e-8
AP2_end_to_end,-1537500.0,31.622776601683793,4.996402938825201e-6,2.8442479863776385e-8,1.3044408128669666e-6,2.8173275961854558e-8
AP2_end_to_end,-1450000.0,0.01,7.754949493138839e-10,2.6061643258892772e-9,1.9020001319942822e-9,2.584993853674345e-9
AP2_end_to_end,-1450000.0,0.019573417814876606,7.676229663432762e-10,2.7140442450522378e-9,1.3496601031149493e-9,2.6920250307917593e-9
AP2_end_to_end,-1450000.0,0.03831186849557289,8.562562500099423e-10,2.973500977079933e-9,8.485505411940269e-10,2.9510582431237346e-9
AP2_end_to_end,-1450000.0,0.07498942093324558,1.1751591999199056e-9,3.5474986498012467e-9,6.801005080338992e-10,3.5260939176822807e-9
AP2_end_to_end,-1450000.0,0.14677992676220697,2.0023324621254346e-9,4.754184179874776e-9,1.4883622201180382e-9,4.737627207868627e-9
AP2_end_to_end,-1450000.0,0.28729848333536656,3.902522913622576e-9,7.180686666167617e-9,4.662534001546901e-9,7.17912125593477e-9
AP2_end_to_end,-1450000.0,0.5623413251903491,8.00205316531848e-9,1.1760801482736797e-8,1.308473872559387e-8,1.1801345410045957e-8
AP2_end_to_end,-1450000.0,1.1006941712522103,1.6497845738483075e-8,1.919411049665268e-8,3.251281859848373e-8,1.934951230923438e-8
AP2_end_to_end,-1450000.0,2.1544346900318843,3.351327370490642e-8,2.5582812379897772e-8,7.365178690986939e-8,2.6005134750134036e-8
AP2_end_to_end,-1450000.0,4.216965034285822,6.626197786000697e-8,1.1913340909343194e-8,1.5196315638260008e-7,1.2413410857189438e-8
AP2_end_to_end,-1450000.0,8.25404185268019,1.2747892491441917e-7,7.948801344494453e-8,2.6707457712725887e-7,7.751789826168352e-8
AP2_end_to_end,-1450000.0,16.155980984398745,2.459297560160851e-7,1.3748483545876268e-7,4.1593564539555415e-7,1.4127841986695298e-7
AP2_end_to_end,-1450000.0,31.622776601683793,4.344458249154117e-7,3.9071677727565316e-8,1.0542701909088717e-6,3.995068134734458e-8
AP2_end_to_end,-1362500.0,0.01,2.1650549013256894e-8,2.352929437065388e-9,1.333227376735333e-9,2.323272164781754e-9
AP2_end_to_end,-1362500.0,0.019573417814876606,2.274878103234081e-8,1.8047574567561735e-9,1.25776549495466e-9,1.7774510427267932e-9
AP2_end_to_end,-1362500.0,0.03831186849557289,2.5857380853129586e-8,1.320008260530208e-9,1.2813663110892227e-9,1.300540486617928e-9
AP2_end_to_end,-1362500.0,0.07498942093324558,3.328314482449523e-8,1.1804382174625021e-9,1.5668168728757272e-9,1.1805365127952905e-9
AP2_end_to_end,-1362500.0,0.14677992676220697,4.969204641585672e-8,1.9723220498444887e-9,2.4590928641361073e-9,2.0152830931790966e-9
AP2_end_to_end,-1362500.0,0.28729848333536656,8.442610011246657e-8,4.722524855569683e-9,4.6698786910941856e-9,4.8527900271995206e-9
AP2_end_to_end,-1362500.0,0.5623413251903491,1.5605643644184354e-7,1.0644540119307622e-8,9.639642341817463e-9,1.0936884074307276e-8
AP2_end_to_end,-1362500.0,1.1006941712522103,3.013041771398666e-7,1.9149019744119325e-8,2.0215118743380583e-8,1.967161219128259e-8
AP2_end_to_end,-1362500.0,2.1544346900318843,5.92415929140827e-7,2.545518530158616e-8,4.159246363464804e-8,2.5861794637696445e-8
AP2_end_to_end,-1362500.0,4.216965034285822,1.1695101101490738e-6,9.433275960291253e-8,8.026106750991534e-8,9.196284171001447e-8
AP2_end_to_end,-1362500.0,8.25404185268019,2.2853505794980327e-6,7.307767150004049e-7,1.253978807513335e-7,7.280878716503391e-7
AP2_end_to_end,-1362500.0,16.155980984398745,4.423135517954499e-6,2.543940787843796e-7,1.7387379317205653e-7,2.4666093080619304e-7
AP2_end_to_end,-1362500.0,31.622776601683793,8.453506729549656e-6,2.5523303469899895e-6,6.001777758378218e-7,2.532507936808274e-6
AP2_end_to_end,-1275000.0,0.01,0.00026806138902067114,0.000041196802976443946,0.000015536499031438234,0.00004119527696287492
AP2_end_to_end,-1275000.0,0.019573417814876606,0.00031429543291575703,0.00004748790029995042,0.00001773363419396512,0.00004748715298999149
AP2_end_to_end,-1275000.0,0.03831186849557289,0.0003904570267568052,0.00005821436613515125,0.000021555759119816316,0.00005821481122196275
AP2_end_to_end,-1275000.0,0.07498942093324558,0.0005194030424509159,0.00007697822909220173,0.00002836525931092359,0.00007698063544702121
AP2_end_to_end,-1275000.0,0.14677992676220697,0.0007433859116376764,0.00011054629646646133,0.00004074588391170061,0.00011055222106118654
AP2_end_to_end,-1275000.0,0.28729848333536656,0.0011411995229802965,0.00017169545631383646,0.00006362430106389575,0.000171708739435694
AP2_end_to_end,-1275000.0,0.5623413251903491,0.001860072772576547,0.00028450000936771204,0.00010640794360248498,0.00028453142704956425
AP2_end_to_end,-1275000.0,1.1006941712522103,0.003172913869507675,0.0004936218371740498,0.00018698800188895662,0.0004937017382584321
AP2_end_to_end,-1275000.0,2.1544346900318843,0.005572964156582781,0.0008785427241130504,0.0003389490016697117,0.0008787230856484832
AP2_end_to_end,-1275000.0,4.216965034285822,0.009899826581635742,0.001576989457527144,0.0006233587673494667,0.0015770232848025887
AP2_end_to_end,-1275000.0,8.25404185268019,0.017392895361970598,0.002905173555987252,0.0011415914360941232,0.00290425441773141
AP2_end_to_end,-1275000.0,16.155980984398745,0.029264866480145434,0.004987195937412613,0.002017270009543291,0.004986112119939715
AP2_end_to_end,-1275000.0,31.622776601683793,0.044801331435268134,0.008378231624432183,0.0034009461435856657,0.008378287971928838
AP2_end_to_end,-1187500.0,0.01,0.0033062605457971524,0.010519365092871295,0.010008196730198088,0.0105194789754195
AP2_end_to_end,-1187500.0,0.019573417814876606,0.004061986538547557,0.0128999684165211,0.01222089762145298,0.012900109665534495
AP2_end_to_end,-1187500.0,0.03831186849557289,0.005370869093460756,0.016632501721212577,0.015685973633323736,0.01663268387188925
AP2_end_to_end,-1187500.0,0.07498942093324558,0.007689599529602857,0.022633512857547826,0.021250670271355625,0.022633755037466396
AP2_end_to_end,-1187500.0,0.14677992676220697,0.011872130653359762,0.03252944165229633,0.03041950434125714,0.032529765159872596
AP2_end_to_end,-1187500.0,0.28729848333536656,0.019508788575039793,0.04923097388720268,0.04589100813079409,0.0492313753465236
AP2_end_to_end,-1187500.0,0.5623413251903491,0.033513278296824676,0.07792498211979053,0.07249685548256857,0.07792531176062889
AP2_end_to_end,-1187500.0,1.1006941712522103,0.05902192321952959,0.1276206631764217,0.11870332692389057,0.12762015798339876
AP2_end_to_end,-1187500.0,2.1544346900318843,0.10435650000100054,0.21295761845588762,0.19847751191033325,0.21295385973582287
AP2_end_to_end,-1187500.0,4.216965034285822,0.18058561087306055,0.3539364271951001,0.33159270277112973,0.35393032770569716
AP2_end_to_end,-1187500.0,8.25404185268019,0.2953700341239856,0.5628611900844676,0.5349853215873699,0.5628736210009161
AP2_end_to_end,-1187500.0,16.155980984398745,0.4361908111413823,0.810139594529573,0.7887246122608526,0.8101522694930133
AP2_end_to_end,-1187500.0,31.622776601683793,0.5613580100212758,0.9615750635693415,0.9737536378777861,0.9615747031038784
AP2_end_to_end,-1100000.0,0.01,0.00003221972218074645,0.007091117284747838,0.0015903208186984292,0.007090887735500807
AP2_end_to_end,-1100000.0,0.019573417814876606,0.0001303494221247936,0.009123562167909558,0.0020564948717237096,0.009123280464695089
AP2_end_to_end,-1100000.0,0.03831186849557289,0.0006396960313024694,0.012407276581987169,0.0030176166800892725,0.012406921024459944
AP2_end_to_end,-1100000.0,0.07498942093324558,0.0020786032807043196,0.017855979189650067,0.00496590739424276,0.017855521571248933
AP2_end_to_end,-1100000.0,0.14677992676220697,0.005504286070036662,0.027128072407207108,0.008868061925245748,0.027127484484860114
AP2_end_to_end,-1100000.0,0.28729848333536656,0.013023055784983235,0.04324644995141661,0.016607229605956543,0.043245738307922874
AP2_end_to_end,-1100000.0,0.5623413251903491,0.028719894461632478,0.07166970352299656,0.031801931652060925,0.07166903825982603
AP2_end_to_end,-1100000.0,1.1006941712522103,0.06019846990358119,0.12192559140506477,0.061225950743236106,0.12192557909008751
AP2_end_to_end,-1100000.0,2.1544346900318843,0.12058141817925633,0.20930842074656053,0.11690075427494055,0.20930914759689423
AP2_end_to_end,-1100000.0,4.216965034285822,0.22918061786041571,0.35417688538597575,0.21780326739815362,0.3541674669157983
AP2_end_to_end,-1100000.0,8.25404185268019,0.40454209706788063,0.5698779967240152,0.3860795479807772,0.569876450474414
AP2_end_to_end,-1100000.0,16.155980984398745,0.6386037958254479,0.8173632692522129,0.6243751351066007,0.8173637805863088
AP2_end_to_end,-1100000.0,31.622776601683793,0.8576128543633845,0.9743365539053473,0.8626069694180684,0.9743358569864407
AP2_end_to_end,-1012500.0,0.01,0.008186086095802911,0.006406149475465355,0.0032729857019160096,0.006406511081162105
AP2_end_to_end,-1012500.0,0.019573417814876606,0.011211543639743972,0.008695813474593722,0.004550321753641107,0.008696262342493287
AP2_end_to_end,-1012500.0,0.03831186849557289,0.01622776836546063,0.012543866966992147,0.006918199868127552,0.012544419418359813
AP2_end_to_end,-1012500.0,0.07498942093324558,0.024756125289647837,0.019172285349752256,0.01136171919710888,0.019172947240183633
AP2_end_to_end,-1012500.0,0.14677992676220697,0.03956591025800533,0.030825090590032345,0.019766870264158617,0.030825843580738616
AP2_end_to_end,-1012500.0,0.28729848333536656,0.06565024517894977,0.051590401819894646,0.0357115699207452,0.05159119533068125
AP2_end_to_end,-1012500.0,0.5623413251903491,0.11171587084502832,0.08870769729006846,0.06583203535285675,0.08870857143490868
AP2_end_to_end,-1012500.0,1.1006941712522103,0.1917442763015378,0.15413309353355417,0.12183758892176572,0.15413518658386138
AP2_end_to_end,-1012500.0,2.1544346900318843,0.32399274538323625,0.26442651384626975,0.2222004264868756,0.26443630702658194
AP2_end_to_end,-1012500.0,4.216965034285822,0.5193422654192706,0.43239878725692016,0.38873641887161664,0.43241870390780907
AP2_end_to_end,-1012500.0,8.25404185268019,0.7483113421621846,0.6470023382059218,0.6254143678470461,0.6470078765296714
AP2_end_to_end,-1012500.0,16.155980984398745,0.9167136251100351,0.8348571192500879,0.8702079115375153,0.83487611132209
AP2_end_to_end,-1012500.0,31.622776601683793,0.9653209505652243,0.9265108090636548,0.994603753494376,0.9265348243507723
AP2_end_to_end,-925000.0,0.01,0.004735208188993189,0.0006348992238026749,0.008309864319063385,0.0006343575414152642
AP2_end_to_end,-925000.0,0.019573417814876606,0.00728349034369424,0.0015500560599118478,0.011768066511247947,0.0015493056665252922
AP2_end_to_end,-925000.0,0.03831186849557289,0.012071771840257003,0.003814078325310515,0.01760248138249799,0.003813005694458288
AP2_end_to_end,-925000.0,0.07498942093324558,0.021134798247498303,0.008892470364554067,0.027679023756344737,0.008890880763940408
AP2_end_to_end,-925000.0,0.14677992676220697,0.0383232985590126,0.019674572631719088,0.045399654103489784,0.01967210450576015
AP2_end_to_end,-925000.0,0.28729848333536656,0.07074115160988559,0.04169784147597112,0.07685793870785852,0.04169375172000381
AP2_end_to_end,-925000.0,0.5623413251903491,0.13077783145002714,0.08508132059560428,0.13245312302263743,0.08507397582228396
AP2_end_to_end,-925000.0,1.1006941712522103,0.2374590764260075,0.16666343817810372,0.22799786484930187,0.16664993573318845
AP2_end_to_end,-925000.0,2.1544346900318843,0.41149456738344997,0.3088402054332366,0.381135726903024,0.3088235829751034
AP2_end_to_end,-925000.0,4.216965034285822,0.6506862386979408,0.5226656439898285,0.5929699843536129,0.5226667609726646
AP2_end_to_end,-925000.0,8.25404185268019,0.8838352072239608,0.7749620035882232,0.8115776374518016,0.7749428265947766
AP2_end_to_end,-925000.0,16.155980984398745,0.9932780677703019,0.954049520621644,0.9408392961831149,0.9540497044838231
AP2_end_to_end,-925000.0,31.622776601683793,0.9930840650756764,0.9970093736239006,0.975279657908652,0.9970124123280606
AP2_end_to_end,-837500.0,0.01,0.0050613947934433495,0.005565146758050426,0.001210948883395757,0.005566874630717946
AP2_end_to_end,-837500.0,0.019573417814876606,0.008661118386061123,0.00889133950686887,0.002928656291793918,0.008893723683117366
AP2_end_to_end,-837500.0,0.03831186849557289,0.015699792513421067,0.015139037155686602,0.006866080369785055,0.015142375703346922
AP2_end_to_end,-837500.0,0.07498942093324558,0.02938734143256592,0.026921280585123757,0.015338275443171056,0.026926008174099802
AP2_end_to_end,-837500.0,0.14677992676220697,0.055739438388424635,0.04907900927275745,0.032826232634433024,0.04908571982957528
AP2_end_to_end,-837500.0,0.28729848333536656,0.10550644001448843,0.09020339962485349,0.06766187127254371,0.09021269824236836
AP2_end_to_end,-837500.0,0.5623413251903491,0.1960155302984673,0.1642126245966633,0.1341958622191501,0.16422411648855506
AP2_end_to_end,-837500.0,1.1006941712522103,0.34888037179584713,0.2894027605712045,0.2533276392496706,0.28941122999058067
AP2_end_to_end,-837500.0,2.1544346900318843,0.5722723313135895,0.4777925454270877,0.4437581114556961,0.4777896580428928
AP2_end_to_end,-837500.0,4.216965034285822,0.818415673392054,0.7028795086591977,0.6907725107759484,0.702906516304711
AP2_end_to_end,-837500.0,8.25404185268019,0.9730423778404735,0.8880856944311332,0.907620457473935,0.8880921523724399
AP2_end_to_end,-837500.0,16.155980984398745,0.998961432648158,0.9747815364734354,0.9957517728119986,0.9747679665920435
AP2_end_to_end,-837500.0,31.622776601683793,0.9933947168011616,0.9944384544272037,0.9946455155400147,0.9944356848756752
AP2_end_to_end,-750000.0,0.01,0.014499023182768878,0.010159001293372959,0.003284738551985902,0.010161138159823297
AP2_end_to_end,-750000.0,0.019573417814876606,0.022977255029081826,0.0163679379695607,0.00684056207656315,0.01637092837899249
AP2_end_to_end,-750000.0,0.03831186849557289,0.037988706317561974,0.027637515238526845,0.014309880755807946,0.027641766816878334
AP2_end_to_end,-750000.0,0.07498942093324558,0.06486185758193448,0.048248257932970835,0.029495946190526166,0.04825440859310922
AP2_end_to_end,-750000.0,0.14677992676220697,0.11291146217954734,0.08582683418600787,0.05946588950604614,0.08583590885765023
AP2_end_to_end,-750000.0,0.28729848333536656,0.19700588314812192,0.15298156580949485,0.11649237045917926,0.15299516725913476
AP2_end_to_end,-750000.0,0.5623413251903491,0.3360180786026913,0.2672123811324661,0.21904089233679674,0.26723204644089443
AP2_end_to_end,-750000.0,1.1006941712522103,0.5392077072370013,0.4428148127078675,0.386155260335293,0.44283501076323684
AP2_end_to_end,-750000.0,2.1544346900318843,0.771202740778697,0.6663997270964035,0.6141442028277393,0.66639698659958
AP2_end_to_end,-750000.0,4.216965034285822,0.9358038793184602,0.866382803371698,0.8409241217704968,0.8664080862098691
AP2_end_to_end,-750000.0,8.25404185268019,0.9867738425942861,0.969238087580093,0.9715031251909444,0.9692510180998688
AP2_end_to_end,-750000.0,16.155980984398745,0.995763662989391,0.9947974625119492,0.9976029595066606,0.9948027908308046
AP2_end_to_end,-750000.0,31.622776601683793,0.9956238165098882,0.9958640904125787,0.9950274108187569,0.9958720086266727
AP2_end_to_end,-662500.0,0.01,0.0048035477040369815,0.00540107524560465,0.0037218019112569105,0.005403084182867632
AP2_end_to_end,-662500.0,0.019573417814876606,0.011870624776104208,0.011599122945369385,0.009104741780996297,0.011601779787027849
AP2_end_to_end,-662500.0,0.03831186849557289,0.026869686883634773,0.024385284875839967,0.020607124260081773,0.02438875510714852
AP2_end_to_end,-662500.0,0.07498942093324558,0.057317862275232154,0.049929424095554065,0.04413586639700708,0.0499338883729468
AP2_end_to_end,-662500.0,0.14677992676220697,0.11639165589461467,0.09918593280428102,0.09033515653845516,0.09919169071011091
AP2_end_to_end,-662500.0,0.28729848333536656,0.2240344393752435,0.1894129477235657,0.17639367072311093,0.18942099928560885
AP2_end_to_end,-662500.0,0.5623413251903491,0.40063095544286,0.3408452737663989,0.32371946636972326,0.3408585730140714
AP2_end_to_end,-662500.0,1.1006941712522103,0.6403285539638688,0.5579713498843147,0.5409713221701132,0.5579872460525555
AP2_end_to_end,-662500.0,2.1544346900318843,0.8700433614156518,0.7954168877328268,0.785572533866705,0.79539602516848
AP2_end_to_end,-662500.0,4.216965034285822,0.9856224397658352,0.9547484804120872,0.9542736403322888,0.9547519898324598
AP2_end_to_end,-662500.0,8.25404185268019,0.9990831442103643,0.9979703577799147,0.9986173421914747,0.9979653610393955
AP2_end_to_end,-662500.0,16.155980984398745,0.9972722198282815,0.9973026128520911,0.9978663812737436,0.9973033841944017
AP2_end_to_end,-662500.0,31.622776601683793,0.9965920621162814,0.9967377572597939,0.9962634434434747,0.9967348871903924
AP2_end_to_end,-575000.0,0.01,0.010702275445544234,0.02229480739443048,0.01925908526875175,0.022292141050372725
AP2_end_to_end,-575000.0,0.019573417814876606,0.02322000272707388,0.037654914249805826,0.03320986819164512,0.03765098996440379
AP2_end_to_end,-575000.0,0.03831186849557289,0.048486493235849075,0.06543327354089713,0.05886616338663675,0.06542746777374177
AP2_end_to_end,-575000.0,0.07498942093324558,0.09756408239505333,0.11546684373638938,0.10577758168538484,0.11545836529661785
AP2_end_to_end,-575000.0,0.14677992676220697,0.18798418646029671,0.20336634395684236,0.18942099276866506,0.20335470669642178
AP2_end_to_end,-575000.0,0.28729848333536656,0.3406026129348856,0.34844992087495424,0.3298617390634271,0.3484371412152581
AP2_end_to_end,-575000.0,0.5623413251903491,0.5608774282233744,0.558099561860213,0.5378106661268308,0.5580962466352032
AP2_end_to_end,-575000.0,1.1006941712522103,0.8004816524344551,0.7897505781039573,0.7773200306415645,0.7897692094640815
AP2_end_to_end,-575000.0,2.1544346900318843,0.9579718430187095,0.9451056846902889,0.9460191536035297,0.9451033874891728
AP2_end_to_end,-575000.0,4.216965034285822,0.9987138886703398,0.9896397607047739,0.9925815312382505,0.9896457630422013
AP2_end_to_end,-575000.0,8.25404185268019,0.9981148080564533,0.99833320630981,0.9979857626218601,0.9983362098953525
AP2_end_to_end,-575000.0,16.155980984398745,0.9978505875977209,0.9976787472455991,0.9976218542371144,0.9976847115906892
AP2_end_to_end,-575000.0,31.622776601683793,0.9973895396769129,0.9969890350214158,0.9973298794813302,0.9969953236405541
AP2_end_to_end,-487500.0,0.01,0.025857470865489243,0.028726597952129895,0.016042379911560333,0.028721350557268283
AP2_end_to_end,-487500.0,0.019573417814876606,0.04897423514639842,0.05042143272613551,0.03272617449812727,0.05041394045829849
AP2_end_to_end,-487500.0,0.03831186849557289,0.09276349368149507,0.09009582806231525,0.06557976279502861,0.09008510899453827
AP2_end_to_end,-487500.0,0.07498942093324558,0.173063363778508,0.16137545157503044,0.12812105029182658,0.16136020892910302
AP2_end_to_end,-487500.0,0.14677992676220697,0.3111129037370744,0.283551483889158,0.24074710718224895,0.2835304426651989
AP2_end_to_end,-487500.0,0.28729848333536656,0.5201056693173589,0.4727190828670279,0.423994987442363,0.47269343898022015
AP2_end_to_end,-487500.0,0.5623413251903491,0.7667828073227604,0.7108377953677512,0.6697530323033375,0.7108216609162628
AP2_end_to_end,-487500.0,1.1006941712522103,0.9457546213350436,0.9086504073704255,0.8961493934057824,0.9086676866021222
AP2_end_to_end,-487500.0,2.1544346900318843,0.9948724570887655,0.9845801797134951,0.992835557329489,0.9845790613719351
AP2_end_to_end,-487500.0,4.216965034285822,0.9976255123173082,0.9969392618596304,0.9979884895279263,0.9969346916034785
AP2_end_to_end,-487500.0,8.25404185268019,0.9981636296606099,0.9987647401321046,0.9985378993568574,0.998761903639174
AP2_end_to_end,-487500.0,16.155980984398745,0.9981438636847733,0.9976854538852046,0.9980360869311495,0.9976827911332458
AP2_end_to_end,-487500.0,31.622776601683793,0.9978707281967212,0.9972842070947112,0.9978045217491753,0.9972888291205917
AP2_end_to_end,-400000.0,0.01,0.028851092682077778,0.029507997502339286,0.041694623780787414,0.029516747988645443
AP2_end_to_end,-400000.0,0.019573417814876606,0.060356059015678094,0.05694749584397328,0.07367632891809058,0.05695937257719318
AP2_end_to_end,-400000.0,0.03831186849557289,0.12122491009695482,0.10856762855754588,0.1313879218999154,0.10858318644372675
AP2_end_to_end,-400000.0,0.07498942093324558,0.23200191689825392,0.20136767652472423,0.23209927923519436,0.20138631696403675
AP2_end_to_end,-400000.0,0.14677992676220697,0.4137897120760496,0.35483907235604967,0.39482911796692993,0.35485636176084917
AP2_end_to_end,-400000.0,0.28729848333536656,0.659815433419642,0.5724131801693593,0.6190857326072652,0.5724170773741813
AP2_end_to_end,-400000.0,0.5623413251903491,0.889642226603747,0.8060561565780151,0.844478541830265,0.8060408736615851
AP2_end_to_end,-400000.0,1.1006941712522103,0.9915988439572243,0.9586911634348518,0.9686544677780412,0.9586947941997543
AP2_end_to_end,-400000.0,2.1544346900318843,0.9983580876871889,0.9989091270271337,0.9954556440929205,0.9989082229873106
AP2_end_to_end,-400000.0,4.216965034285822,0.9985666802223132,0.998417929230183,0.9985014397152823,0.9984142180257795
AP2_end_to_end,-400000.0,8.25404185268019,0.9985552639421702,0.9983104005783505,0.9986881146319477,0.9983158750325943
AP2_end_to_end,-400000.0,16.155980984398745,0.9984223259637219,0.9979136667589561,0.998402011112413,0.997911243535024
AP2_end_to_end,-400000.0,31.622776601683793,0.998210477784382,0.9984722614205513,0.9981743010735835,0.9984784098707247
AP2_end_to_end,-312500.0,0.01,0.0711936965150838,0.043976964942792664,0.043582099114703815,0.04398949219759495
AP2_end_to_end,-312500.0,0.019573417814876606,0.12619600708378242,0.083384086927975,0.08346724624420604,0.08340148813637692
AP2_end_to_end,-312500.0,0.03831186849557289,0.22198164565305986,0.15544125741489434,0.15734860745874837,0.15546489111447884
AP2_end_to_end,-312500.0,0.07498942093324558,0.37707579841212413,0.2791731455585251,0.28629737391802385,0.2792033981776427
AP2_end_to_end,-312500.0,0.14677992676220697,0.593157140960298,0.4680017394084973,0.4866390731916741,0.4680342814867752
AP2_end_to_end,-312500.0,0.28729848333536656,0.817659851103366,0.7004200583432558,0.734449759568506,0.7004368725242894
AP2_end_to_end,-312500.0,0.5623413251903491,0.9548775451014834,0.8986882261400201,0.9300470840964162,0.8986690813803587
AP2_end_to_end,-312500.0,1.1006941712522103,0.9936068916922939,0.9891895235928875,0.9924845641146308,0.9891903527364669
AP2_end_to_end,-312500.0,2.1544346900318843,0.9988690704338145,0.9992781199977236,0.9977395262535144,0.9992781204697856
AP2_end_to_end,-312500.0,4.216965034285822,0.9984214664919271,0.9987986399902977,0.9985435612930554,0.9988018011034655
AP2_end_to_end,-312500.0,8.25404185268019,0.9986929465006343,0.998319383489084,0.998699562620088,0.9983217066671765
AP2_end_to_end,-312500.0,16.155980984398745,0.9986185551418908,0.9984735535023659,0.9985987004641886,0.9984813933094397
AP2_end_to_end,-312500.0,31.622776601683793,0.9984731368703453,0.9979202728352956,0.9984544801537485,0.9979214997847581
AP2_end_to_end,-225000.0,0.01,0.0852501342092408,0.07789887685207827,0.0693001612188556,0.07788911973858496
AP2_end_to_end,-225000.0,0.019573417814876606,0.15466363698018482,0.14030280926507524,0.12696318134798665,0.14029045935502896
AP2_end_to_end,-225000.0,0.03831186849557289,0.27334229230999874,0.24889662377744648,0.22790650753898928,0.24888317651624456
AP2_end_to_end,-225000.0,0.07498942093324558,0.4557683496097465,0.42199686116723534,0.3898370466428105,0.4219880386199889
AP2_end_to_end,-225000.0,0.14677992676220697,0.6849261473594759,0.6524942075897597,0.6095784861153927,0.6525015621454917
AP2_end_to_end,-225000.0,0.28729848333536656,0.886314845558975,0.8675181260197243,0.8297090810509928,0.8675437280838405
AP2_end_to_end,-225000.0,0.5623413251903491,0.9856492496534668,0.9723730869803349,0.9631268893194046,0.972381410973244
AP2_end_to_end,-225000.0,1.1006941712522103,0.9992122736455301,0.9960085832211082,0.9985105393256608,0.9960117542841367
AP2_end_to_end,-225000.0,2.1544346900318843,0.999335140111606,0.99921270256276,0.99837246359328,0.9992125576569785
AP2_end_to_end,-225000.0,4.216965034285822,0.9988865839989455,0.9987315845070454,0.9988448863648574,0.99872681833399
AP2_end_to_end,-225000.0,8.25404185268019,0.9988746559079511,0.9986563448914173,0.9988482768087789,0.9986626790490691
AP2_end_to_end,-225000.0,16.155980984398745,0.9987853099929277,0.998400653218095,0.9987828302483007,0.9983934920958798
AP2_end_to_end,-225000.0,31.622776601683793,0.998689382809861,0.9981053395749322,0.998674350731289,0.9981061550116838
AP2_end_to_end,-137500.0,0.01,0.10675882404933819,0.07520309511277455,0.06856906836184562,0.07521645731347844
AP2_end_to_end,-137500.0,0.019573417814876606,0.1926618404773308,0.1439563974966647,0.13645493445992482,0.14397101250556985
AP2_end_to_end,-137500.0,0.03831186849557289,0.33451809244711006,0.2642943854648348,0.25770302189912564,0.2643065602204813
AP2_end_to_end,-137500.0,0.07498942093324558,0.5383330454456525,0.452604410033484,0.45090465384799927,0.45260688404350047
AP2_end_to_end,-137500.0,0.14677992676220697,0.7654242419120442,0.693108023154804,0.7008190093045766,0.6930955872945248
AP2_end_to_end,-137500.0,0.28729848333536656,0.9319605431190151,0.9058695722993004,0.9181511974147543,0.9058587157197514
AP2_end_to_end,-137500.0,0.5623413251903491,0.9956697995196576,0.9957798053817932,0.9977210087134251,0.9957784324858634
AP2_end_to_end,-137500.0,1.1006941712522103,0.998427296283214,0.9987405692094257,0.9994221863029269,0.9987370184571338
AP2_end_to_end,-137500.0,2.1544346900318843,0.9986300255687698,0.9987609751136962,0.998812941771324,0.9987647500808796
AP2_end_to_end,-137500.0,4.216965034285822,0.9990119591679155,0.999215120436257,0.9987018220716444,0.9992137739239458
AP2_end_to_end,-137500.0,8.25404185268019,0.9989563787777521,0.9992899705436185,0.9989784735284001,0.9992864267018616
AP2_end_to_end,-137500.0,16.155980984398745,0.9989099973404016,0.9990022355876489,0.9989135975592965,0.9989943432942002
AP2_end_to_end,-137500.0,31.622776601683793,0.9988415233596911,0.9990546052504953,0.9988205084714343,0.9990621660830793
AP2_end_to_end,-50000.0,0.01,0.1236769596409063,0.10669731848463758,0.10216986991593366,0.10667413666131446
AP2_end_to_end,-50000.0,0.019573417814876606,0.2238119802371458,0.2019661508993686,0.19665176178055957,0.20193597446559586
AP2_end_to_end,-50000.0,0.03831186849557289,0.3849858003296872,0.3629918249917261,0.35744432399244386,0.3629552438668943
AP2_end_to_end,-50000.0,0.07498942093324558,0.6053124841165306,0.5954031960831426,0.5911303526924644,0.5953656852845
AP2_end_to_end,-50000.0,0.14677992676220697,0.8321415310168437,0.8398573827228346,0.8398241831099091,0.8398332810873633
AP2_end_to_end,-50000.0,0.28729848333536656,0.9757516952645343,0.9731596257670373,0.977781760564526,0.9731593158410852
AP2_end_to_end,-50000.0,0.5623413251903491,0.999158563443537,0.9952346089495481,0.9963465390732468,0.99523473616781
AP2_end_to_end,-50000.0,1.1006941712522103,0.9988871972017525,0.9994009267369491,0.9992674469564199,0.9994042357231495
AP2_end_to_end,-50000.0,2.1544346900318843,0.9991140795423427,0.9992103249473944,0.9992826473308636,0.9992083932616365
AP2_end_to_end,-50000.0,4.216965034285822,0.9991595555209646,0.999445927025607,0.9991808840563969,0.9994438340245984
AP2_end_to_end,-50000.0,8.25404185268019,0.9990473706799559,0.9985978360950424,0.9990488683604807,0.9986030581734273
AP2_end_to_end,-50000.0,16.155980984398745,0.9990142830542346,0.9989501480899853,0.9990206115400289,0.9989419246970217
AP2_end_to_end,-50000.0,31.622776601683793,0.9989662028509614,0.9983282685668806,0.998974237166575,0.9983289510750508
AP2_end_to_end,37500.0,0.01,0.11974810796825708,0.12371298285557132,0.1460131715855764,0.12373828904575736
AP2_end_to_end,37500.0,0.019573417814876606,0.22961562212319517,0.22553302900446967,0.25719523783209225,0.2255627685507624
AP2_end_to_end,37500.0,0.03831186849557289,0.411465906028752,0.39006145197315006,0.431744485584674,0.39009077809006076
AP2_end_to_end,37500.0,0.07498942093324558,0.661030527087539,0.6155337082446609,0.6586287360477006,0.6155510948282763
AP2_end_to_end,37500.0,0.14677992676220697,0.8934397056240213,0.8459256531501337,0.8651966784785381,0.8459215516062704
AP2_end_to_end,37500.0,0.28729848333536656,0.9826719799782437,0.9817058869363452,0.9743134166988672,0.9817004265188687
AP2_end_to_end,37500.0,0.5623413251903491,0.9989073234350532,0.9991338096536058,0.9991808416690603,0.9991368026426278
AP2_end_to_end,37500.0,1.1006941712522103,0.9987018679615317,0.9973425272762149,0.9981766697210274,0.9973416987558209
AP2_end_to_end,37500.0,2.1544346900318843,0.9993456804333801,0.9984842501209711,0.9987775994545501,0.9984811420092118
AP2_end_to_end,37500.0,4.216965034285822,0.9992442258554437,0.9994459144485621,0.9991532976873321,0.9994421341643405
AP2_end_to_end,37500.0,8.25404185268019,0.9991357649708994,0.9989640266086831,0.9991413344910436,0.9989564414958771
AP2_end_to_end,37500.0,16.155980984398745,0.9991134671788466,0.9985711886170716,0.9991117758411445,0.998569156410159
AP2_end_to_end,37500.0,31.622776601683793,0.999078669284856,0.9985544539942345,0.9990763262583193,0.9985504001560983
AP2_end_to_end,125000.0,0.01,0.10935335274452271,0.11425229561534044,0.13865229598908074,0.11428406259136048
AP2_end_to_end,125000.0,0.019573417814876606,0.21090441932788592,0.21162520520916675,0.251171709597999,0.21166357463548122
AP2_end_to_end,125000.0,0.03831186849557289,0.38229778382617857,0.37164134156379464,0.43170702766372954,0.371678828885124
AP2_end_to_end,125000.0,0.07498942093324558,0.6256892148577844,0.5978426122260602,0.6695398281246076,0.5978594044823573
AP2_end_to_end,125000.0,0.14677992676220697,0.8636653575749695,0.8424175916489888,0.8794441268180632,0.8423994528259202
AP2_end_to_end,125000.0,0.28729848333536656,0.9665603694245752,0.986161406780844,0.9776636681768581,0.9861582556509896
AP2_end_to_end,125000.0,0.5623413251903491,0.9997817745539413,0.9987813139801996,0.9992606258378605,0.9987781838994279
AP2_end_to_end,125000.0,1.1006941712522103,0.9985892136360012,0.999455973329763,0.9984592623605534,0.9994540303443582
AP2_end_to_end,125000.0,2.1544346900318843,0.9994471824749468,0.9987754982116037,0.9992504561836529,0.9987806702928633
AP2_end_to_end,125000.0,4.216965034285822,0.9987506735053492,0.998785452375812,0.999116036267196,0.9987778237599231
AP2_end_to_end,125000.0,8.25404185268019,0.9992623940493012,0.9995739516001221,0.9991644839664839,0.9995752794533119
AP2_end_to_end,125000.0,16.155980984398745,0.999199865121818,0.9990359029302892,0.9991984298900463,0.9990440158828882
AP2_end_to_end,125000.0,31.622776601683793,0.9991699245685751,0.9986252801559546,0.9991816630132253,0.9986234947777787
AP2_end_to_end,212500.0,0.01,0.09370836612434301,0.07755751422206913,0.08797246130247822,0.07758028455029777
AP2_end_to_end,212500.0,0.019573417814876606,0.16898609518935834,0.148652134951098,0.17085658550190763,0.14867585775604902
AP2_end_to_end,212500.0,0.03831186849557289,0.2956602907603736,0.27302243036049123,0.3161954036198835,0.27303616353576554
AP2_end_to_end,212500.0,0.07498942093324558,0.4816466372775171,0.46990598773143377,0.537969845426939,0.4698871204110057
AP2_end_to_end,212500.0,0.14677992676220697,0.6949806789166614,0.7293205230024665,0.7860382677656824,0.7292678367609333
AP2_end_to_end,212500.0,0.28729848333536656,0.8985953424159372,0.9348950273597179,0.9310498648034176,0.9349054000258755
AP2_end_to_end,212500.0,0.5623413251903491,0.9848943775554819,0.9872960116129771,0.9976265252889184,0.987292193252918
AP2_end_to_end,212500.0,1.1006941712522103,0.9966318241169795,0.998515357879759,0.9997653931249081,0.9985117957342263
AP2_end_to_end,212500.0,2.1544346900318843,0.9988008026536348,0.9989512566527027,0.9998749418245549,0.9989500805386107
AP2_end_to_end,212500.0,4.216965034285822,0.9979658193088219,0.997662177062329,0.9994522135983565,0.9976634873572455
AP2_end_to_end,212500.0,8.25404185268019,0.9995786334693593,0.9995323024358668,0.9995684689035899,0.9995375746923807
AP2_end_to_end,212500.0,16.155980984398745,0.9985282699776917,0.999580691676742,0.9993246378909921,0.9995847298326355
AP2_end_to_end,212500.0,31.622776601683793,0.9960473162120926,0.9988820685969683,0.9991054661469156,0.9988785377997053
AP2_end_to_end,300000.0,0.01,0.004116530054505822,0.022156196206546703,0.03033881088263871,0.022157500573269748
AP2_end_to_end,300000.0,0.019573417814876606,0.009580147758640913,0.046922531529835824,0.06293442335479926,0.04692017796425356
AP2_end_to_end,300000.0,0.03831186849557289,0.02118215321850904,0.09597987968598458,0.12613384105203504,0.09596667718986875
AP2_end_to_end,300000.0,0.07498942093324558,0.045984244493608294,0.19042180540915798,0.24394854306515046,0.19038538059288865
AP2_end_to_end,300000.0,0.14677992676220697,0.09976373162556373,0.36068481977410793,0.4451773945766506,0.36063607998927505
AP2_end_to_end,300000.0,0.28729848333536656,0.18877278766596986,0.5885423862077043,0.6890920482796473,0.5886052358567596
AP2_end_to_end,300000.0,0.5623413251903491,0.2434952258889293,0.7748883464999488,0.8674325948374659,0.7748914384253962
AP2_end_to_end,300000.0,1.1006941712522103,0.3298555841123004,0.9224195703373187,0.9720305797442581,0.9224344147253736
AP2_end_to_end,300000.0,2.1544346900318843,0.39031779520252907,0.983116429733691,0.9834396993242343,0.9831401419129772
AP2_end_to_end,300000.0,4.216965034285822,0.37618624845764426,0.9932913467114872,0.9842713594288808,0.9932902394334933
AP2_end_to_end,300000.0,8.25404185268019,0.2838643722247921,0.9722653396185135,0.9670286484454385,0.9722692434735726
AP2_end_to_end,300000.0,16.155980984398745,0.19957675747142478,0.9480995059585516,0.9567927338233625,0.94807043007496
AP2_end_to_end,300000.0,31.622776601683793,0.09879092824533864,0.8890423882939136,0.9297691676399364,0.8889502353139976
AP2_end_to_end,387500.0,0.01,0.0005693293885462676,0.0005222019858612256,0.0005260576709247777,0.0005220892138990155
AP2_end_to_end,387500.0,0.019573417814876606,0.000569749531187492,0.0005242615479567111,0.0005171232039546132,0.0005241067161362906
AP2_end_to_end,387500.0,0.03831186849557289,0.0005683116454875916,0.0005328334920353634,0.0005066390827037444,0.0005326188853888933
AP2_end_to_end,387500.0,0.07498942093324558,0.0005607955198551818,0.0005587435756372955,0.0005009521875005335,0.0005584608686733869
AP2_end_to_end,387500.0,0.14677992676220697,0.0005372355712089249,0.0006204766968968688,0.0005284833041705876,0.0006202089571817396
AP2_end_to_end,387500.0,0.28729848333536656,0.000497920214788846,0.0006771738236415197,0.0006462994167814653,0.0006773430478570291
AP2_end_to_end,387500.0,0.5623413251903491,0.0005774906923119131,0.0004108229973543618,0.0005506823221120518,0.000411262897147246
AP2_end_to_end,387500.0,1.1006941712522103,0.00048057803497482995,0.0008330012262329483,0.0007876879114793286,0.0008330384102199202
AP2_end_to_end,387500.0,2.1544346900318843,0.000444544232865478,0.0007689342072466383,0.0008660550685548123,0.0007700125495165557
AP2_end_to_end,387500.0,4.216965034285822,0.0004969013978131258,0.00042325942343323465,0.00024988207669212676,0.00042454344151540756
AP2_end_to_end,387500.0,8.25404185268019,0.00039298801243342916,0.0005523950165982128,0.0001745681005104343,0.0005540170583204969
AP2_end_to_end,387500.0,16.155980984398745,0.0003558102392088553,0.000936767645394525,0.000924433159702201,0.0009377810408722224
AP2_end_to_end,387500.0,31.622776601683793,0.0008045450731119638,0.0008799914501966556,0.00072348337216323,0.0008790044753779509
AP2_end_to_end,475000.0,0.01,0.0005178141056522252,0.0004954300952760798,0.0005186988454471563,0.0004955352479457934
AP2_end_to_end,475000.0,0.019573417814876606,0.0005196568729503648,0.0004942797723591779,0.0005201318154114726,0.0004943789536109401
AP2_end_to_end,475000.0,0.03831186849557289,0.0005227297270190955,0.0004924571224380831,0.0005222913612867843,0.0004925444434731682
AP2_end_to_end,475000.0,0.07498942093324558,0.0005277312703529373,0.0004898757060870992,0.0005250868660153911,0.000489937718632317
AP2_end_to_end,475000.0,0.14677992676220697,0.0005346152334944755,0.00048778237586698665,0.0005264574482281572,0.00048778970149904405
AP2_end_to_end,475000.0,0.28729848333536656,0.0005368147667178959,0.0004932586183804852,0.0005169171589075772,0.0004931703585741383
AP2_end_to_end,475000.0,0.5623413251903491,0.0005110149445028409,0.0005184617237934821,0.0004874435638519313,0.0005183784069580303
AP2_end_to_end,475000.0,1.1006941712522103,0.0005225934039211914,0.0004977744217994954,0.0005271656184539255,0.0004978699260915965
AP2_end_to_end,475000.0,2.1544346900318843,0.0005122758903433272,0.0005079809389377817,0.0005241567424077833,0.0005081066629297641
AP2_end_to_end,475000.0,4.216965034285822,0.0005055161430886577,0.0005226746420527898,0.0004951651524391077,0.0005226246670597831
AP2_end_to_end,475000.0,8.25404185268019,0.0005032747109327909,0.0005239081649882861,0.0005316317306284374,0.0005239289961556111
AP2_end_to_end,475000.0,16.155980984398745,0.0005182290886525763,0.0005037380923481213,0.000521717674578766,0.0005036943445987698
AP2_end_to_end,475000.0,31.622776601683793,0.000542832342799287,0.0005169403003985483,0.0005242499629648488,0.0005170196673008286
AP2_end_to_end,562500.0,0.01,0.0005132395923258872,0.0004942560917922138,0.00045492716329538697,0.00049414415352082
AP2_end_to_end,562500.0,0.019573417814876606,0.0005129241957996621,0.0004952673347276787,0.00045426050014202356,0.0004951662457187758
AP2_end_to_end,562500.0,0.03831186849557289,0.0005120143407416954,0.0004967109218065452,0.0004534555800365711,0.0004966293363628733
AP2_end_to_end,562500.0,0.07498942093324558,0.000509384310059431,0.0004983921086741744,0.000453072776059479,0.0004983470261601054
AP2_end_to_end,562500.0,0.14677992676220697,0.0005018904524730395,0.0004986707624699217,0.00045562262783241267,0.0004986942244958224
AP2_end_to_end,562500.0,0.28729848333536656,0.0004830220586686383,0.0004907989674749172,0.00046917952360315873,0.000490929277139437
AP2_end_to_end,562500.0,0.5623413251903491,0.0004593579196295302,0.00046338776315134084,0.0005003080965304637,0.0004635290130202258
AP2_end_to_end,562500.0,1.1006941712522103,0.0005075675589502691,0.0004754955891825791,0.00046970108242276815,0.0004753220357075663
AP2_end_to_end,562500.0,2.1544346900318843,0.0004691949982411262,0.0004552040524682881,0.0005032167118174588,0.00045523348494126015
AP2_end_to_end,562500.0,4.216965034285822,0.0005134805733856316,0.0004910843718461851,0.0004556841158688618,0.0004909322701754928
AP2_end_to_end,562500.0,8.25404185268019,0.0004808612072290516,0.00046297400370441216,0.000488573165673762,0.00046310094145991343
AP2_end_to_end,562500.0,16.155980984398745,0.0004636565394394154,0.0005027775563560448,0.0005022364320660664,0.0005027108379903493
AP2_end_to_end,562500.0,31.622776601683793,0.0005178088140518413,0.0004979161026678973,0.0004664982536072483,0.0004978208146885379
AP2_end_to_end,650000.0,0.01,0.00043602500803355775,0.0004334407612672674,0.00043428208334980826,0.000433450893474854
AP2_end_to_end,650000.0,0.019573417814876606,0.00043600993148637285,0.00043342844993193565,0.00043427778883646387,0.000433438248548653
AP2_end_to_end,650000.0,0.03831186849557289,0.00043597474933689456,0.00043341317115128613,0.00043425517227744387,0.0004334222926983447
AP2_end_to_end,650000.0,0.07498942093324558,0.0004358891999499605,0.0004334025599038689,0.00043417838161652307,0.0004334103456231611
AP2_end_to_end,650000.0,0.14677992676220697,0.000435676893155289,0.0004334328092680547,0.0004339489375951164,0.00043343764322274926
AP2_end_to_end,650000.0,0.28729848333536656,0.00043518905234697056,0.0004336326342900143,0.00043335130681687063,0.0004336312100367146
AP2_end_to_end,650000.0,0.5623413251903491,0.00043453965949245913,0.0004342494244932046,0.000432415781896326,0.00043423972054201505
AP2_end_to_end,650000.0,1.1006941712522103,0.0004357000226190949,0.0004344415391380046,0.0004337152967027284,0.00043444486203691286
AP2_end_to_end,650000.0,2.1544346900318843,0.00043457519447866443,0.00043425188195765456,0.0004326779425292223,0.00043424245196929667
AP2_end_to_end,650000.0,4.216965034285822,0.0004350442903097904,0.0004347202456635856,0.00043324741040633743,0.0004347132386331434
AP2_end_to_end,650000.0,8.25404185268019,0.00043643389958804204,0.0004353344330625467,0.0004352560589561001,0.0004353388286326951
AP2_end_to_end,650000.0,16.155980984398745,0.0004368819765352666,0.00043529265433636747,0.00043567611080665424,0.0004352850407163129
AP2_end_to_end,650000.0,31.622776601683793,0.0004360362084761548,0.00043037132224121877,0.0004345177431944563,0.00043035987306903325
AP2_end_to_end,737500.0,0.01,0.0003935781915288703,0.0003892856652439475,0.00038944634281713785,0.0003892837725998812
AP2_end_to_end,737500.0,0.019573417814876606,0.0003935612525679949,0.0003892789596766924,0.00038943162368505014,0.0003892773585198437
AP2_end_to_end,737500.0,0.03831186849557289,0.00039353702390436884,0.00038927054504711296,0.00038941186922688425,0.00038926948379868723
AP2_end_to_end,737500.0,0.07498942093324558,0.00039350153384631626,0.00038926230430349026,0.0003893880571197044,0.000389262212200109
AP2_end_to_end,737500.0,0.14677992676220697,0.00039344703202739983,0.00038926301977227875,0.0003893688773748133,0.0003892648136912712
AP2_end_to_end,737500.0,0.28729848333536656,0.0003933572437219737,0.00038929771578087065,0.00038938720492868594,0.0003893023850733157
AP2_end_to_end,737500.0,0.5623413251903491,0.00039321343624606505,0.000389330850010737,0.00038951529934058455,0.0003893352917328064
AP2_end_to_end,737500.0,1.1006941712522103,0.00039310510200386167,0.00038879799030979833,0.00038955364810209337,0.0003887947579630809
AP2_end_to_end,737500.0,2.1544346900318843,0.00039294371761270356,0.0003892298410546294,0.00038919638260735033,0.00038922714455650676
AP2_end_to_end,737500.0,4.216965034285822,0.00039270508665299053,0.0003887831365519672,0.00038906883507618155,0.000388785656050426
AP2_end_to_end,737500.0,8.25404185268019,0.00039244976835289174,0.00038830992162288005,0.00038876084867223767,0.000388303764862996
AP2_end_to_end,737500.0,16.155980984398745,0.0003919956821287595,0.0003883969788353773,0.0003888029724793949,0.0003883987484234665
AP2_end_to_end,737500.0,31.622776601683793,0.00039126649793239305,0.0003708944699124296,0.00038812461608123214,0.0003708400139326982
AP2_end_to_end,825000.0,0.01,0.0003672134353787498,0.0003643473148068614,0.0003600794531789665,0.0003643460001863074
AP2_end_to_end,825000.0,0.019573417814876606,0.00036718301498183824,0.0003642996551339213,0.0003600543893020988,0.0003642987104943464
AP2_end_to_end,825000.0,0.03831186849557289,0.0003671413285057901,0.00036422305299071896,0.0003600185744777644,0.000364222453229034
AP2_end_to_end,825000.0,0.07498942093324558,0.00036708438302465523,0.0003640955819377563,0.00035996633902759693,0.0003640950027781599
AP2_end_to_end,825000.0,0.14677992676220697,0.0003670026898971715,0.00036389723955537604,0.0003598901222175129,0.0003638954639075159
AP2_end_to_end,825000.0,0.28729848333536656,0.0003668676186865115,0.000363725852352682,0.0003597990396972421,0.0003637206075828953
AP2_end_to_end,825000.0,0.5623413251903491,0.00036669285083869345,0.00036391709943200224,0.0003597279157664885,0.00036391293319994796
AP2_end_to_end,825000.0,1.1006941712522103,0.0003665015664710412,0.0003634194822852591,0.00035954033079383594,0.000363423977407453
AP2_end_to_end,825000.0,2.1544346900318843,0.0003661716807013861,0.0003633228622931843,0.0003591936822453956,0.0003633320876032961
AP2_end_to_end,825000.0,4.216965034285822,0.00036576406334607294,0.00036293005933567783,0.00035887675278607485,0.00036292178851085474
AP2_end_to_end,825000.0,8.25404185268019,0.00036510887882510194,0.00036228432633440887,0.00035830573445068685,0.0003622936452648298
AP2_end_to_end,825000.0,16.155980984398745,0.00036427289672528486,0.0003614040042054163,0.0003577003983966774,0.00036139978107035687
AP2_end_to_end,825000.0,31.622776601683793,0.00036307341258460775,0.0003480434137451549,0.00035653713238472263,0.0003480447759400482
AP2_end_to_end,912500.0,0.01,0.0003274025738298636,0.00032574835850691166,0.00032908837556401815,0.00032576941023533805
AP2_end_to_end,912500.0,0.019573417814876606,0.00032736518557107677,0.00032553680626536385,0.0003290519193442345,0.0003255629140288385
AP2_end_to_end,912500.0,0.03831186849557289,0.00032731492656982254,0.00032487029211723757,0.0003290003278793524,0.00032489997770417366
AP2_end_to_end,912500.0,0.07498942093324558,0.00032724410029857205,0.00032294703263696135,0.0003289264830092937,0.00032297141664830366
AP2_end_to_end,912500.0,0.14677992676220697,0.00032712088189200763,0.000317311854818287,0.0003288224436078975,0.00031731090737189443
AP2_end_to_end,912500.0,0.28729848333536656,0.0003268817786165488,0.000303947660115546,0.0003287009044319716,0.00030395300987696696
AP2_end_to_end,912500.0,0.5623413251903491,0.0003268079984416441,0.00029344162795493666,0.00032855385273251436,0.00029347585002400075
AP2_end_to_end,912500.0,1.1006941712522103,0.00032634946635318315,0.000252906352183326,0.0003282360875415681,0.0002529697560413436
AP2_end_to_end,912500.0,2.1544346900318843,0.0003261667543236635,0.00019939885455366442,0.00032792736632173824,0.0001994507638551106
AP2_end_to_end,912500.0,4.216965034285822,0.0003254993824941233,0.00009760315802740076,0.00032729118295421336,0.00009768333339292441
AP2_end_to_end,912500.0,8.25404185268019,0.0003245426837852742,4.641800660118621e-6,0.00032653779624613674,4.659670742080092e-6
AP2_end_to_end,912500.0,16.155980984398745,0.0003241170458640002,4.515659174444003e-6,0.0003255121295123046,4.538228755615241e-6
AP2_end_to_end,912500.0,31.622776601683793,0.0003220314055167968,0.00003987980794051727,0.00032441243030400515,0.00003986928693589246
AP2_end_to_end,1000000.0,0.01,0.0003037520433146506,0.00029665677167109563,0.0002994175138212668,0.00029662578895135944
AP2_end_to_end,1000000.0,0.019573417814876606,0.0003021752642145365,0.0002928210525593302,0.00029954558858850353,0.00029279451283551047
AP2_end_to_end,1000000.0,0.03831186849557289,0.00030023416431414717,0.00028627788112969,0.0002996495504198892,0.0002862764971342746
AP2_end_to_end,1000000.0,0.07498942093324558,0.00029935014931079505,0.0002771286396305186,0.00029934249477442675,0.00027719464453740677
AP2_end_to_end,1000000.0,0.14677992676220697,0.000300541956546903,0.00027006898901441186,0.00029730060759931756,0.0002702285830124817
AP2_end_to_end,1000000.0,0.28729848333536656,0.0002774715719181266,0.00026822255335470676,0.00029246182404013576,0.00026824393867317265
AP2_end_to_end,1000000.0,0.5623413251903491,0.0001707970896954041,0.00018270386909596172,0.00029862165875077376,0.00018228658454406204
AP2_end_to_end,1000000.0,1.1006941712522103,0.00019169159664879498,0.00009232361946596937,0.00029217107823428096,0.00009264453034058745
AP2_end_to_end,1000000.0,2.1544346900318843,0.00011311692442789539,0.000018392075256684005,0.00030179035784572226,0.000018298585659288176
AP2_end_to_end,1000000.0,4.216965034285822,3.008411007367985e-6,1.0283636630043086e-7,0.00027020255688322973,9.351535140765949e-8
AP2_end_to_end,1000000.0,8.25404185268019,4.598294408028612e-6,0.000012167287065882262,0.00026170204217563624,0.000012171647502152357
AP2_end_to_end,1000000.0,16.155980984398745,0.00001742885948390729,0.000014717191455180612,0.00030167457673883734,0.000014708563193756255
AP2_end_to_end,1000000.0,31.622776601683793,4.831515413983893e-6,0.00001940914643006755,0.0002874360106623214,0.00001943132829590849
